post_id,account_id,published_at,media_type,caption,likes,comments,followers_at_or_near_collection,saves,shares
POST_000001,ACCOUNT_005,2025-01-21T19:15:00Z,reel,Mastering complex systems: The Feynman technique explained in 4 visual slides. How do you approach learning difficult concepts? #studygram #knowledge #productivity #growthmindset #careeradvice,425,36,5249,44,58
POST_000002,ACCOUNT_026,2025-01-22T18:15:00Z,carousel,"Behind the lens: Lighting setup diagram, camera settings (ISO 100, f/1.8, 1/500s), and raw color grading curve. Save for your next shoot! #phototips #behindthescenes #lighting #cameragear Have you encountered this challenge recently?",638,60,7412,106,8
POST_000003,ACCOUNT_034,2025-01-22T19:30:00Z,carousel,Product roadmap meeting: Deciding what NOT to build is often 10x more important than adding new features. How does your team prioritize? #productmanagement #strategy #founder Share this with someone who is currently working on this! #saas,35,3,2303,6,0
POST_000004,ACCOUNT_001,2025-01-23T20:45:00Z,reel,"High-protein pre-workout meal prep under 25 minutes! Simple ingredients, zero complicated steps. Recipe listed below 🥗💪 #nutrition #mealprep #cleaneating #fitlife Share this with someone who is currently working on this! #training #health #workout #strength #wellness",1280,105,10902,142,259
POST_000005,ACCOUNT_011,2025-01-24T20:15:00Z,image,Morning mobility routine: 25 minutes to unlock hip flexors and lower back tension before lifting. Save this routine for your next leg day! 🏋️‍♂️🔥 #fitness #mobility #workout #strength What would you change about this setup? #health #gym #motivation #fitlife #training,293,26,4173,12,18
POST_000006,ACCOUNT_021,2025-01-25T11:15:00Z,image,Morning mobility routine: 10 minutes to unlock hip flexors and lower back tension before lifting. Save this routine for your next leg day! 🏋️‍♂️🔥 #fitness #mobility #workout #strength,1279,84,28728,108,121
POST_000007,ACCOUNT_010,2025-01-25T11:45:00Z,carousel,Which IDE theme keeps you most productive during late-night build sessions? Drop your setup in the comments! 💻✨ #coding #programming #developer #techlife,423,45,11413,46,60
POST_000008,ACCOUNT_020,2025-01-25T16:45:00Z,reel,Deep dive into our engineering architecture: How we handle 15k concurrent data streams with zero downtime. Check the breakdown in our bio link! #softwareengineering #cloud #devops #innovation #datascience #coding #tech #startups #machinelearning,123,10,1615,7,33
POST_000009,ACCOUNT_040,2025-01-25T22:00:00Z,reel,Deep dive into our engineering architecture: How we handle 5k concurrent data streams with zero downtime. Check the breakdown in our bio link! #softwareengineering #cloud #devops #coding #innovation #datascience #ai #machinelearning,639,66,8077,57,147
POST_000010,ACCOUNT_013,2025-01-26T17:00:00Z,carousel,"Sunrise over the alpine peaks at 3,000 feet. The silence up here is something you never forget. Have you ever hiked in the Alps? 🏔️✨ #travel #adventure #hiking #wanderlust #vacation #explore #travelgram #backpacking #nature",568,53,8450,113,7
POST_000011,ACCOUNT_037,2025-01-26T17:15:00Z,carousel,"Reflecting on the month: 3 things I am grateful for, 2 challenges navigated, and 1 big priority for next month. #journaling #reflection #gratitude #mindfulliving #minimalism #mindfulness #wellness #morningroutine #desksetup #lifestyle",280,20,8175,37,48
POST_000012,ACCOUNT_017,2025-01-26T21:45:00Z,image,"A calm Sunday reset routine: Decluttering the workspace, intentional meal prep, and setting 3 focus goals for the week ahead. 🌿☕ #sundayreset #mindfulness #habits #slowliving #lifestyle #selfcare",148,14,2409,11,2
POST_000013,ACCOUNT_039,2025-01-27T09:15:00Z,reel,"Recap from our annual creator summit! Over 50 developers and founders gathered in person to share ideas, build prototypes, and collaborate. 🤝✨ #community #meetup #networking #conference #impact #hackathon #events #collaboration",193,12,1757,21,41
POST_000014,ACCOUNT_027,2025-01-27T19:00:00Z,carousel,"A calm Sunday reset routine: Decluttering the workspace, intentional meal prep, and setting 3 focus goals for the week ahead. 🌿☕ #sundayreset #mindfulness #habits #slowliving",106,9,2098,19,4
POST_000015,ACCOUNT_014,2025-01-27T22:15:00Z,reel,Hiring our first 10 engineers taught us these critical lessons on team culture and technical alignment. What is your #1 hiring criterion? #leadership #techjobs #management #strategy #growth,63,4,979,6,12
POST_000016,ACCOUNT_036,2025-01-28T08:30:00Z,reel,"Typography rules every digital designer should know: Hierarchy, optical kerning, and vertical rhythm explained visually! #graphicdesign #typography #ui #designinspiration #art #photography #branding #visualsoflife #portrait #photooftheday #cinematic #creative #design",113,14,1956,7,25
POST_000017,ACCOUNT_012,2025-01-28T09:00:00Z,carousel,Plating masterclass: 3 simple composition techniques that make home cooking look restaurant-grade. Swipe through the steps! #gourmet #foodstyling #cheftips #presentation #dinner #homemade #chef #tasty,121,10,4164,24,2
POST_000018,ACCOUNT_006,2025-01-28T11:15:00Z,image,"Behind the lens: Lighting setup diagram, camera settings (ISO 100, f/1.8, 1/500s), and raw color grading curve. Save for your next shoot! #phototips #behindthescenes #lighting #cameragear #photooftheday #portrait #design",540,45,5249,29,10
POST_000019,ACCOUNT_038,2025-01-28T18:45:00Z,reel,Clutched the 1v4 tournament round with only 15 HP remaining! Watch the final flick shot in the last 5 seconds 🔥🎮 #gaming #esports #clutch #gamers What would you change about this setup? #streamer #pcgaming #gamer #twitch #videogames,133,9,934,7,18
POST_000020,ACCOUNT_004,2025-01-29T13:00:00Z,image,"The anatomy of a high-converting landing page: Clear value proposition, visual proof, and zero distraction CTAs. Check the teardown! #growth #marketing #conversion #business What would you change about this setup? #strategy #buildinpublic",729,65,30425,26,38
POST_000021,ACCOUNT_008,2025-01-29T13:45:00Z,reel,Clutched the 1v4 tournament round with only 500 HP remaining! Watch the final flick shot in the last 5 seconds 🔥🎮 #gaming #esports #clutch #gamers Link in bio for the complete step-by-step breakdown. #pcgaming #streamer #gamer #battlestation #videogames,972,109,14291,94,173
POST_000022,ACCOUNT_023,2025-01-29T20:15:00Z,reel,Wandering through the historic cobblestone alleys of the old town. Every corner has centuries of stories. #heritage #architecture #wanderer #culture #travelgram Have you encountered this challenge recently? #travel,583,53,7097,55,60
POST_000023,ACCOUNT_022,2025-01-30T15:00:00Z,carousel,Street food tour through the night market: From artisan dumplings to spicy skewers! Which dish would you try first? 🍜🔥 #streetfood #foodtravel #culinary #tastetest,315,20,5293,57,4
POST_000024,ACCOUNT_009,2025-01-30T15:30:00Z,reel,Hosting our monthly live Q&A session this Thursday at 18:00 UTC! What questions do you want us to answer live? Drop them below! #ama #livestream #communityfirst #engagement Have you encountered this challenge recently? #conference #impact #networking #events #collaboration #hackathon #meetup #creators #volunteer #community,346,28,4148,29,31
POST_000025,ACCOUNT_030,2025-01-30T19:30:00Z,reel,Deep dive into our engineering architecture: How we handle 45k concurrent data streams with zero downtime. Check the breakdown in our bio link! #softwareengineering #cloud #devops Save this post for your next project review! #startups #developer #software,325,24,4955,21,63
POST_000026,ACCOUNT_033,2025-01-31T17:00:00Z,reel,Hidden coastal gems you must visit in 2026! Slide 4 is an undiscovered bay with crystal-clear waters. Save this for your next itinerary! #travelguide #explore #vacation #bucketlist #nature #travel #wanderlust #roadtrip #backpacking #adventure #travelgram #hiking,460,43,6545,41,63
POST_000027,ACCOUNT_015,2025-01-31T18:30:00Z,reel,Resume audit: 3 common mistakes that get candidates filtered by ATS scanners and how to fix them today. #resumetips #hiring #careergoals #professional #students,80,8,1182,8,14
POST_000028,ACCOUNT_029,2025-01-31T20:15:00Z,reel,"Recap from our annual creator summit! Over 50 developers and founders gathered in person to share ideas, build prototypes, and collaborate. 🤝✨ #community #meetup #networking #conference What is your experience with this? #collaboration #creators",206,22,3638,21,44
POST_000029,ACCOUNT_019,2025-02-01T18:30:00Z,reel,Hosting our monthly live Q&A session this Thursday at 18:00 UTC! What questions do you want us to answer live? Drop them below! #ama #livestream #communityfirst #engagement #meetup #community #events #collaboration #hackathon #volunteer,396,34,2675,37,79
POST_000030,ACCOUNT_003,2025-02-01T19:30:00Z,reel,"Sunrise over the alpine peaks at 25,000 feet. The silence up here is something you never forget. Have you ever hiked in the Alps? 🏔️✨ #travel #adventure #hiking #wanderlust #nature #roadtrip #vacation",1154,73,12678,87,274
POST_000031,ACCOUNT_002,2025-02-01T19:45:00Z,image,Street food tour through the night market: From artisan dumplings to spicy skewers! Which dish would you try first? 🍜🔥 #streetfood #foodtravel #culinary #tastetest What is your experience with this? #delicious #recipe #foodie #dinner #tasty,516,28,5777,18,27
POST_000032,ACCOUNT_032,2025-02-01T19:45:00Z,carousel,Plating masterclass: 3 simple composition techniques that make home cooking look restaurant-grade. Swipe through the steps! #gourmet #foodstyling #cheftips #presentation #homemade #delicious #instafood #tasty,1603,101,42288,188,289
POST_000033,ACCOUNT_016,2025-02-02T10:45:00Z,image,"Typography rules every digital designer should know: Hierarchy, optical kerning, and vertical rhythm explained visually! #graphicdesign #typography #ui #designinspiration Save this post for your next project review! #portrait #cinematic #photooftheday #creative #visualsoflife #art",201,12,3780,16,7
POST_000034,ACCOUNT_031,2025-02-02T21:45:00Z,reel,Morning mobility routine: 5 minutes to unlock hip flexors and lower back tension before lifting. Save this routine for your next leg day! 🏋️‍♂️🔥 #fitness #mobility #workout #strength #fitlife #health #motivation #training #wellness,568,50,3634,42,52
POST_000035,ACCOUNT_024,2025-02-03T18:00:00Z,carousel,Hiring our first 12 engineers taught us these critical lessons on team culture and technical alignment. What is your #1 hiring criterion? #leadership #techjobs #management What would you change about this setup? #marketing #saas #buildinpublic #finance,69,4,1595,14,7
POST_000036,ACCOUNT_018,2025-02-05T17:15:00Z,image,Ranking every boss fight from easiest to nearly impossible. Which boss took you the most attempts? #gaminglife #bossfight #gameplay #streamer #gamer #esports #twitch #gamingcommunity,458,22,9083,31,31
POST_000037,ACCOUNT_007,2025-02-05T19:30:00Z,image,"Desk setup tour 2026: Minimalist walnut wood, cable management under 15 minutes, and ergonomic lighting. #workspace #desksetup #minimalism #productivity Which approach do you prefer in your daily workflow? #wellness #morningroutine #selfcare",1164,94,32183,78,13
POST_000038,ACCOUNT_025,2025-02-07T09:00:00Z,carousel,"Public speaking masterclass: Overcoming imposter syndrome and delivering clear, impactful conference talks. #publicspeaking #confidence #communication #mentorship #career #upskill",290,26,3849,40,24
POST_000039,ACCOUNT_035,2025-02-07T09:00:00Z,reel,Mastering complex systems: The Feynman technique explained in 4 visual slides. How do you approach learning difficult concepts? #studygram #knowledge #productivity #growthmindset #education #career #learning #students #careeradvice #study,1047,98,15101,55,147
POST_000040,ACCOUNT_028,2025-02-07T11:15:00Z,carousel,Game design breakdown: Why this opening level is a masterclass in non-verbal player tutorials. #gamedesign #storytelling #videogames #analysis #pcgaming #gamingcommunity #twitch #esports #gameplay,514,49,9659,67,6
POST_000041,ACCOUNT_005,2025-02-12T14:45:00Z,carousel,Mastering complex systems: The Feynman technique explained in 4 visual slides. How do you approach learning difficult concepts? #studygram #knowledge #productivity #growthmindset #interview #learning #study,1073,101,5323,195,13
POST_000042,ACCOUNT_026,2025-02-12T15:15:00Z,reel,"Typography rules every digital designer should know: Hierarchy, optical kerning, and vertical rhythm explained visually! #graphicdesign #typography #ui #designinspiration Share this with someone who is currently working on this! #photography",459,44,7490,50,80
POST_000043,ACCOUNT_034,2025-02-15T20:00:00Z,reel,"The anatomy of a high-converting landing page: Clear value proposition, visual proof, and zero distraction CTAs. Check the teardown! #growth #marketing #conversion #business Have you encountered this challenge recently? #finance",274,21,2323,15,54
POST_000044,ACCOUNT_013,2025-02-15T20:15:00Z,reel,Wandering through the historic cobblestone alleys of the old town. Every corner has centuries of stories. #heritage #architecture #wanderer #culture #travelgram #wanderlust #adventure,673,59,8548,72,124
POST_000045,ACCOUNT_040,2025-02-16T10:30:00Z,carousel,Live demo of our real-time analytics interface! Notice how seamless the inference telemetry updates. Tell us your thoughts below 🔥 #technology #uiux #analytics #innovation #software #coding,604,37,8170,97,15
POST_000046,ACCOUNT_001,2025-02-16T11:00:00Z,carousel,"High-protein pre-workout meal prep under 20 minutes! Simple ingredients, zero complicated steps. Recipe listed below 🥗💪 #nutrition #mealprep #cleaneating #fitlife Have you encountered this challenge recently? #mobility #motivation",1171,73,11029,223,128
POST_000047,ACCOUNT_027,2025-02-16T14:30:00Z,image,"Reflecting on the month: 3 things I am grateful for, 2 challenges navigated, and 1 big priority for next month. #journaling #reflection #gratitude #mindfulliving What would you change about this setup? #daily #productivity #habits #mindfulness #lifestyle #selfcare",128,10,2114,6,3
POST_000048,ACCOUNT_014,2025-02-17T16:15:00Z,reel,"Year 2 financial review: Unit economics, churn metrics, and customer acquisition payback periods openly documented. Read our full transparent memo in bio! #buildinpublic #finance #transparency Link in bio for the complete step-by-step breakdown. #strategy #marketing",91,8,990,8,14
POST_000049,ACCOUNT_021,2025-02-17T17:30:00Z,image,Form check breakdown: Notice the hip hinge and neutral spine alignment in slide 2. Tag a gym partner who needs to see this! #fitnesstips #squats #powerlifting #coaching #wellness,1009,84,28845,41,77
POST_000050,ACCOUNT_037,2025-02-17T19:15:00Z,carousel,Designing a morning routine that you actually look forward to waking up for. What is the very first thing you do in the morning? #morningroutine #selfcare #wellness #lifestyle What would you change about this setup? #productivity #mindfulness #daily #minimalism,1074,86,8289,160,108
POST_000051,ACCOUNT_008,2025-02-17T20:00:00Z,reel,"Custom PC build complete: Liquid cooling, cable combs, and clean ambient RGB lighting. Rate this battlestation from 1 to 10! 🕹️⚡ #pcbuild #gamingpc #battlestation #setup What is your experience with this? #videogames #twitch",790,91,14478,72,106
POST_000052,ACCOUNT_017,2025-02-18T11:00:00Z,reel,"Desk setup tour 2026: Minimalist walnut wood, cable management under 15 minutes, and ergonomic lighting. #workspace #desksetup #minimalism #productivity Which approach do you prefer in your daily workflow? #morningroutine #selfcare #wellness #habits #mindfulness #daily #lifestyle",173,17,2424,13,35
POST_000053,ACCOUNT_036,2025-02-18T11:00:00Z,image,Redesigning iconic brand identities using modern brutalist aesthetic principles. Swipe to see the before and after! #branding #logo #designprocess #creative,178,9,1964,9,12
POST_000054,ACCOUNT_020,2025-02-18T22:00:00Z,image,5 critical lessons we learned after refactoring our core ML pipeline. Slide 3 is the most important lesson for teams scaling to production! #startups #datascience #engineering #software #coding #innovation #ai #buildinpublic #tech,113,10,1634,5,10
POST_000055,ACCOUNT_038,2025-02-19T08:45:00Z,reel,Game design breakdown: Why this opening level is a masterclass in non-verbal player tutorials. #gamedesign #storytelling #videogames #analysis #twitch #battlestation #gaming #pcgaming,46,3,938,3,8
POST_000056,ACCOUNT_010,2025-02-19T09:15:00Z,image,Which IDE theme keeps you most productive during late-night build sessions? Drop your setup in the comments! 💻✨ #coding #programming #developer #techlife #startups #innovation #machinelearning #buildinpublic #tech,1193,81,11471,53,75
POST_000057,ACCOUNT_006,2025-02-19T19:45:00Z,reel,Redesigning iconic brand identities using modern brutalist aesthetic principles. Swipe to see the before and after! #branding #logo #designprocess #creative #visualsoflife #portrait #photography #graphicdesign,450,51,5301,26,65
POST_000058,ACCOUNT_015,2025-02-20T14:00:00Z,reel,"Public speaking masterclass: Overcoming imposter syndrome and delivering clear, impactful conference talks. #publicspeaking #confidence #communication #mentorship Share this with someone who is currently working on this! #study",131,10,1195,12,22
POST_000059,ACCOUNT_011,2025-02-20T21:45:00Z,image,"High-protein pre-workout meal prep under 250 minutes! Simple ingredients, zero complicated steps. Recipe listed below 🥗💪 #nutrition #mealprep #cleaneating #fitlife #strength #fitness #workout #mobility",173,16,4229,14,6
POST_000060,ACCOUNT_032,2025-02-21T10:00:00Z,image,Street food tour through the night market: From artisan dumplings to spicy skewers! Which dish would you try first? 🍜🔥 #streetfood #foodtravel #culinary #tastetest Drop your thoughts in the comments below! 🔥 #dinner #baking #recipe #homemade #instafood #chef #cooking #delicious,3182,183,42755,149,449
POST_000061,ACCOUNT_029,2025-02-21T20:45:00Z,carousel,Announcing our local meetup chapters across 15 cities worldwide! Find your local group link in bio and join the community. #networking #events #globalcommunity #collaboration #meetup,264,19,3693,40,37
POST_000062,ACCOUNT_002,2025-02-21T21:45:00Z,image,Street food tour through the night market: From artisan dumplings to spicy skewers! Which dish would you try first? 🍜🔥 #streetfood #foodtravel #culinary #tastetest #cooking,303,20,5810,22,33
POST_000063,ACCOUNT_039,2025-02-22T19:45:00Z,reel,Hosting our monthly live Q&A session this Thursday at 18:00 UTC! What questions do you want us to answer live? Drop them below! #ama #livestream #communityfirst #engagement Which approach do you prefer in your daily workflow? #hackathon #meetup #collaboration #community #events #conference,134,14,1769,8,24
POST_000064,ACCOUNT_031,2025-02-23T15:00:00Z,image,Morning mobility routine: 500 minutes to unlock hip flexors and lower back tension before lifting. Save this routine for your next leg day! 🏋️‍♂️🔥 #fitness #mobility #workout #strength Have you encountered this challenge recently?,342,32,3665,22,23
POST_000065,ACCOUNT_009,2025-02-23T17:45:00Z,image,Announcing our local meetup chapters across 12 cities worldwide! Find your local group link in bio and join the community. #networking #events #globalcommunity #collaboration #community #volunteer #impact #conference #creators #hackathon #meetup,238,13,4180,9,19
POST_000066,ACCOUNT_016,2025-02-23T19:30:00Z,image,Color palette breakdown: Harmonizing complementary warm tones with cool architectural shadows. Shot on 20mm prime lens. 🎨📸 #photography #colorgrading #cinematic #composition What is your experience with this?,502,44,3834,40,6
POST_000067,ACCOUNT_012,2025-02-23T20:15:00Z,carousel,Street food tour through the night market: From artisan dumplings to spicy skewers! Which dish would you try first? 🍜🔥 #streetfood #foodtravel #culinary #tastetest What is your experience with this? #baking #dinner #instafood,549,33,4211,90,13
POST_000068,ACCOUNT_019,2025-02-23T22:30:00Z,carousel,"Recap from our annual creator summit! Over 50 developers and founders gathered in person to share ideas, build prototypes, and collaborate. 🤝✨ #community #meetup #networking #conference Have you encountered this challenge recently? #creators #collaboration #hackathon #events",346,33,2713,50,4
POST_000069,ACCOUNT_023,2025-02-24T10:15:00Z,image,Hidden coastal gems you must visit in 2026! Slide 4 is an undiscovered bay with crystal-clear waters. Save this for your next itinerary! #travelguide #explore #vacation #bucketlist #adventure #nature,312,26,7204,14,9
POST_000070,ACCOUNT_033,2025-02-24T15:15:00Z,carousel,Hidden coastal gems you must visit in 2026! Slide 4 is an undiscovered bay with crystal-clear waters. Save this for your next itinerary! #travelguide #explore #vacation #bucketlist Link in bio for the complete step-by-step breakdown. #roadtrip #backpacking,764,81,6646,84,100
POST_000071,ACCOUNT_004,2025-02-25T10:30:00Z,image,Hiring our first 12 engineers taught us these critical lessons on team culture and technical alignment. What is your #1 hiring criterion? #leadership #techjobs #management What would you change about this setup? #startup,1650,128,30625,104,76
POST_000072,ACCOUNT_018,2025-02-25T13:15:00Z,image,"Custom PC build complete: Liquid cooling, cable combs, and clean ambient RGB lighting. Rate this battlestation from 1 to 10! 🕹️⚡ #pcbuild #gamingpc #battlestation #setup #gameplay #gaming #esports #videogames",196,14,9172,14,18
POST_000073,ACCOUNT_030,2025-02-25T15:30:00Z,image,5 critical lessons we learned after refactoring our core ML pipeline. Slide 3 is the most important lesson for teams scaling to production! #startups #datascience #engineering What would you change about this setup? #innovation #developer #software #tech #machinelearning #buildinpublic,194,17,4985,9,2
POST_000074,ACCOUNT_024,2025-02-25T17:30:00Z,reel,We bootstrap our SaaS to $15k MRR without outside venture capital. Here are the 4 fundamental growth loops we relied on: 📈 #saas #startups #entrepreneurship #bootstrap Have you encountered this challenge recently? #strategy #leadership #entrepreneur #buildinpublic #growth #business #finance,88,10,1615,9,16
POST_000075,ACCOUNT_022,2025-02-26T14:00:00Z,reel,Crispy garlic butter sourdough with slow-roasted tomatoes. The crunch in the first 3 seconds says it all! 🍞🍅 #foodie #baking #recipe #sourdough #homemade #chef #instafood #delicious,321,18,5339,22,67
POST_000076,ACCOUNT_003,2025-02-26T21:00:00Z,image,Hidden coastal gems you must visit in 2026! Slide 4 is an undiscovered bay with crystal-clear waters. Save this for your next itinerary! #travelguide #explore #vacation #bucketlist #wanderlust #hiking #roadtrip #adventure #nature #travel #travelgram #backpacking,1099,65,12842,62,28
POST_000077,ACCOUNT_007,2025-02-26T21:00:00Z,reel,Designing a morning routine that you actually look forward to waking up for. What is the very first thing you do in the morning? #morningroutine #selfcare #wellness #lifestyle,6146,310,32522,512,762
POST_000078,ACCOUNT_035,2025-02-27T09:45:00Z,image,Resume audit: 3 common mistakes that get candidates filtered by ATS scanners and how to fix them today. #resumetips #hiring #careergoals #professional Drop your thoughts in the comments below! 🔥 #students #growthmindset #learning #upskill #career #interview,1002,57,15272,83,49
POST_000079,ACCOUNT_028,2025-02-28T20:15:00Z,reel,Game design breakdown: Why this opening level is a masterclass in non-verbal player tutorials. #gamedesign #storytelling #videogames #analysis #battlestation #gameplay #gamingcommunity #gaming #pcgaming #gamer #esports #streamer #twitch,513,43,9739,44,88
POST_000080,ACCOUNT_025,2025-03-01T18:00:00Z,image,Mastering complex systems: The Feynman technique explained in 4 visual slides. How do you approach learning difficult concepts? #studygram #knowledge #productivity #growthmindset #interview #careeradvice,487,45,3904,27,20
POST_000081,ACCOUNT_005,2025-03-04T22:45:00Z,image,Mastering complex systems: The Feynman technique explained in 4 visual slides. How do you approach learning difficult concepts? #studygram #knowledge #productivity #growthmindset Link in bio for the complete step-by-step breakdown. #careeradvice #study #education #learning,192,11,5355,10,26
POST_000082,ACCOUNT_040,2025-03-09T13:45:00Z,reel,Deep dive into our engineering architecture: How we handle 250k concurrent data streams with zero downtime. Check the breakdown in our bio link! #softwareengineering #cloud #devops What would you change about this setup? #ai #innovation #machinelearning #tech #software #buildinpublic,812,49,8314,91,194
POST_000083,ACCOUNT_036,2025-03-09T18:00:00Z,reel,Redesigning iconic brand identities using modern brutalist aesthetic principles. Swipe to see the before and after! #branding #logo #designprocess #creative #photooftheday #art #visualsoflife #portrait #cinematic #design #photography #graphicdesign,225,15,1976,12,52
POST_000084,ACCOUNT_034,2025-03-09T20:15:00Z,reel,Hiring our first 45 engineers taught us these critical lessons on team culture and technical alignment. What is your #1 hiring criterion? #leadership #techjobs #management Which approach do you prefer in your daily workflow? #growth #marketing #finance #business #strategy #entrepreneur #buildinpublic,359,39,2329,24,45
POST_000085,ACCOUNT_013,2025-03-10T19:30:00Z,reel,Packing light for a 7-day expedition: Everything fits into a single 35L backpack. Here is our essential gear checklist! #solotravel #backpacking #traveltips #gear Save this post for your next project review! #nature #vacation #travel #adventure #hiking #wanderlust,391,35,8647,23,44
POST_000086,ACCOUNT_014,2025-03-10T19:45:00Z,reel,"The anatomy of a high-converting landing page: Clear value proposition, visual proof, and zero distraction CTAs. Check the teardown! #growth #marketing #conversion #business",98,9,993,7,23
POST_000087,ACCOUNT_037,2025-03-10T20:30:00Z,reel,"Desk setup tour 2026: Minimalist walnut wood, cable management under 15 minutes, and ergonomic lighting. #workspace #desksetup #minimalism #productivity What is your experience with this? #lifestyle #selfcare #wellness #mindfulness",1258,73,8393,119,249
POST_000088,ACCOUNT_026,2025-03-11T10:30:00Z,reel,"Typography rules every digital designer should know: Hierarchy, optical kerning, and vertical rhythm explained visually! #graphicdesign #typography #ui #designinspiration",842,81,7613,61,103
POST_000089,ACCOUNT_006,2025-03-12T18:45:00Z,reel,Golden hour portrait session in the downtown district. Slide 2 vs Slide 3: Which lighting setup do you prefer? Tell us below! #portraitphotography #goldenhour #visualart #creator Have you encountered this challenge recently? #visualsoflife #branding #art,395,32,5322,38,66
POST_000090,ACCOUNT_027,2025-03-13T08:30:00Z,reel,"Desk setup tour 2026: Minimalist walnut wood, cable management under 15 minutes, and ergonomic lighting. #workspace #desksetup #minimalism #productivity What is your experience with this? #habits #mindfulness",104,10,2150,7,26
POST_000091,ACCOUNT_001,2025-03-13T15:15:00Z,reel,Consistency beats intensity every single time. Here is our 30-week progression breakdown for functional strength. Which goal are you chasing this season? #fitnessjourney #training #health #gym,525,31,11130,39,113
POST_000092,ACCOUNT_010,2025-03-14T09:15:00Z,reel,Live demo of our real-time analytics interface! Notice how seamless the inference telemetry updates. Tell us your thoughts below 🔥 #technology #uiux #analytics #innovation Save this post for your next project review! #ai #developer,348,26,11684,25,49
POST_000093,ACCOUNT_021,2025-03-14T18:00:00Z,image,"High-protein pre-workout meal prep under 7 minutes! Simple ingredients, zero complicated steps. Recipe listed below 🥗💪 #nutrition #mealprep #cleaneating #fitlife #training",3127,260,29514,134,148
POST_000094,ACCOUNT_017,2025-03-14T21:15:00Z,reel,"A calm Sunday reset routine: Decluttering the workspace, intentional meal prep, and setting 3 focus goals for the week ahead. 🌿☕ #sundayreset #mindfulness #habits #slowliving #desksetup",127,11,2440,12,14
POST_000095,ACCOUNT_012,2025-03-15T13:30:00Z,image,Crispy garlic butter sourdough with slow-roasted tomatoes. The crunch in the first 3 seconds says it all! 🍞🍅 #foodie #baking #recipe #sourdough #homemade Save this post for your next project review! #delicious,276,25,4266,16,3
POST_000096,ACCOUNT_029,2025-03-15T14:00:00Z,reel,Hosting our monthly live Q&A session this Thursday at 18:00 UTC! What questions do you want us to answer live? Drop them below! #ama #livestream #communityfirst #engagement What would you change about this setup? #conference #hackathon,318,36,3680,25,43
POST_000097,ACCOUNT_019,2025-03-15T15:15:00Z,reel,Community spotlight: Highlighting the incredible work our members built during last weekend's 48-hour hackathon. Swipe to see the winners! #hackathon #creators #innovation #spotlight #community #meetup #collaboration #volunteer #impact #networking #conference #events,146,10,2738,16,30
POST_000098,ACCOUNT_015,2025-03-15T17:15:00Z,carousel,Top 50 free certifications that actually helped our team land senior engineering roles in 2026. Bookmark this for your weekend upskilling! 📚💡 #career #education #learning #upskill #productivity #growthmindset #study #careeradvice #students #interview,61,5,1200,8,8
POST_000099,ACCOUNT_002,2025-03-15T18:15:00Z,image,Crispy garlic butter sourdough with slow-roasted tomatoes. The crunch in the first 3 seconds says it all! 🍞🍅 #foodie #baking #recipe #sourdough #homemade,361,23,5956,20,15
POST_000100,ACCOUNT_023,2025-03-16T09:15:00Z,reel,"Sunrise over the alpine peaks at 15,000 feet. The silence up here is something you never forget. Have you ever hiked in the Alps? 🏔️✨ #travel #adventure #hiking #wanderlust #vacation",699,64,7252,53,68
POST_000101,ACCOUNT_032,2025-03-16T11:45:00Z,image,Plating masterclass: 3 simple composition techniques that make home cooking look restaurant-grade. Swipe through the steps! #gourmet #foodstyling #cheftips #presentation #tasty #cooking #homemade #baking #dinner,4086,258,42693,327,230
POST_000102,ACCOUNT_004,2025-03-16T14:45:00Z,image,Hiring our first 50 engineers taught us these critical lessons on team culture and technical alignment. What is your #1 hiring criterion? #leadership #techjobs #management #startup #finance #business #saas,803,55,31193,45,96
POST_000103,ACCOUNT_008,2025-03-16T18:00:00Z,reel,Clutched the 1v4 tournament round with only 10 HP remaining! Watch the final flick shot in the last 5 seconds 🔥🎮 #gaming #esports #clutch #gamers #battlestation #gameplay,636,42,14499,66,122
POST_000104,ACCOUNT_038,2025-03-16T19:45:00Z,carousel,Top 20 indie game gems released this quarter that deserve way more attention. Slide 3 is a masterpiece! #indiegames #gamedev #gamingcommunity #pcgaming #videogames #gameplay #streamer #battlestation #gaming #gamer #esports #twitch,102,7,946,17,8
POST_000105,ACCOUNT_020,2025-03-17T11:15:00Z,reel,Deep dive into our engineering architecture: How we handle 5k concurrent data streams with zero downtime. Check the breakdown in our bio link! #softwareengineering #cloud #devops Which approach do you prefer in your daily workflow? #datascience #tech,25,1,1655,1,5
POST_000106,ACCOUNT_033,2025-03-17T16:00:00Z,carousel,Hidden coastal gems you must visit in 2026! Slide 4 is an undiscovered bay with crystal-clear waters. Save this for your next itinerary! #travelguide #explore #vacation #bucketlist #wanderlust,227,13,6609,41,15
POST_000107,ACCOUNT_030,2025-03-18T09:15:00Z,carousel,Deep dive into our engineering architecture: How we handle 20k concurrent data streams with zero downtime. Check the breakdown in our bio link! #softwareengineering #cloud #devops What would you change about this setup?,378,21,5039,45,60
POST_000108,ACCOUNT_031,2025-03-18T16:15:00Z,image,Consistency beats intensity every single time. Here is our 45-week progression breakdown for functional strength. Which goal are you chasing this season? #fitnessjourney #training #health #wellness #gym #fitness #motivation #fitlife #mobility #strength #workout,319,16,3663,22,7
POST_000109,ACCOUNT_007,2025-03-18T17:15:00Z,reel,Small daily habits that compound over 25 months into massive life improvements. Which habit are you building right now? #personaldevelopment #routines #mindset #balance #lifestyle,4307,430,33096,314,676
POST_000110,ACCOUNT_022,2025-03-18T21:00:00Z,carousel,Crispy garlic butter sourdough with slow-roasted tomatoes. The crunch in the first 3 seconds says it all! 🍞🍅 #foodie #baking #recipe #sourdough #homemade What is your experience with this? #dinner #delicious #cooking,464,42,5460,85,6
POST_000111,ACCOUNT_011,2025-03-19T11:15:00Z,reel,"Recovery is where the adaptation actually happens. Prioritize 8 hours of sleep, proper hydration, and scheduled deload weeks. #recovery #restday #wellness #mindset #workout #fitlife #strength #mobility #training",210,18,4216,16,49
POST_000112,ACCOUNT_028,2025-03-19T16:00:00Z,reel,"Custom PC build complete: Liquid cooling, cable combs, and clean ambient RGB lighting. Rate this battlestation from 1 to 10! 🕹️⚡ #pcbuild #gamingpc #battlestation #setup Have you encountered this challenge recently? #pcgaming",831,96,9751,76,95
POST_000113,ACCOUNT_003,2025-03-19T16:45:00Z,reel,Road trip diary: 100 miles along the coastal highway with nothing but good music and endless ocean views. Who would you take on this drive? 🚗🌊 #roadtrip #scenic #coastal #escape #backpacking,319,33,12808,21,65
POST_000114,ACCOUNT_016,2025-03-19T19:45:00Z,carousel,Golden hour portrait session in the downtown district. Slide 2 vs Slide 3: Which lighting setup do you prefer? Tell us below! #portraitphotography #goldenhour #visualart #creator What is your experience with this?,420,25,3864,44,43
POST_000115,ACCOUNT_018,2025-03-19T20:30:00Z,reel,Ranking every boss fight from easiest to nearly impossible. Which boss took you the most attempts? #gaminglife #bossfight #gameplay #streamer #twitch #videogames #battlestation #esports,1378,171,9240,111,254
POST_000116,ACCOUNT_039,2025-03-20T14:15:00Z,reel,"Recap from our annual creator summit! Over 12 developers and founders gathered in person to share ideas, build prototypes, and collaborate. 🤝✨ #community #meetup #networking #conference #creators",210,14,1771,19,25
POST_000117,ACCOUNT_025,2025-03-21T20:15:00Z,reel,Mastering complex systems: The Feynman technique explained in 4 visual slides. How do you approach learning difficult concepts? #studygram #knowledge #productivity #growthmindset Which approach do you prefer in your daily workflow? #upskill #learning #education #students #interview #study #careeradvice #career,238,20,3957,14,43
POST_000118,ACCOUNT_009,2025-03-22T14:45:00Z,image,"Recap from our annual creator summit! Over 45 developers and founders gathered in person to share ideas, build prototypes, and collaborate. 🤝✨ #community #meetup #networking #conference #impact #collaboration",151,12,4259,6,8
POST_000119,ACCOUNT_035,2025-03-23T17:45:00Z,reel,How to structure your technical portfolio when you have zero formal industry experience: A step-by-step breakdown. Tag a student who needs this! #careeradvice #jobsearch #interviewprep What is your experience with this? #education #upskill #productivity,1309,74,15235,117,255
POST_000120,ACCOUNT_024,2025-03-24T20:00:00Z,reel,Product roadmap meeting: Deciding what NOT to build is often 10x more important than adding new features. How does your team prioritize? #productmanagement #strategy #founder Share this with someone who is currently working on this! #finance #entrepreneur #saas #leadership #buildinpublic,133,13,1608,13,9
POST_000121,ACCOUNT_005,2025-03-27T10:30:00Z,carousel,Mastering complex systems: The Feynman technique explained in 4 visual slides. How do you approach learning difficult concepts? #studygram #knowledge #productivity #growthmindset #learning #careeradvice #students #study #upskill #interview,292,27,5388,51,4
POST_000122,ACCOUNT_034,2025-03-28T18:30:00Z,carousel,Hiring our first 25 engineers taught us these critical lessons on team culture and technical alignment. What is your #1 hiring criterion? #leadership #techjobs #management Save this post for your next project review! #startup #buildinpublic #entrepreneur #business #marketing #finance #growth #strategy #saas,165,17,2373,19,26
POST_000123,ACCOUNT_037,2025-03-30T10:30:00Z,reel,"Reflecting on the month: 3 things I am grateful for, 2 challenges navigated, and 1 big priority for next month. #journaling #reflection #gratitude #mindfulliving",703,82,8415,64,82
POST_000124,ACCOUNT_036,2025-04-01T10:30:00Z,reel,"Typography rules every digital designer should know: Hierarchy, optical kerning, and vertical rhythm explained visually! #graphicdesign #typography #ui #designinspiration What would you change about this setup? #cinematic #photography #portrait #visualsoflife #branding #design #photooftheday #art #creative",187,18,1992,13,27
POST_000125,ACCOUNT_017,2025-04-02T16:00:00Z,image,"Desk setup tour 2026: Minimalist walnut wood, cable management under 15 minutes, and ergonomic lighting. #workspace #desksetup #minimalism #productivity #mindfulness #lifestyle #daily #selfcare #wellness",81,5,2494,3,8
POST_000126,ACCOUNT_010,2025-04-03T17:30:00Z,carousel,Which IDE theme keeps you most productive during late-night build sessions? Drop your setup in the comments! 💻✨ #coding #programming #developer #techlife #buildinpublic #datascience #tech,517,30,11790,73,87
POST_000127,ACCOUNT_019,2025-04-03T21:30:00Z,image,Volunteer weekend: Planting 250+ trees in the urban community garden. Huge thank you to everyone who showed up and made a difference! 🌱💚 #giveback #volunteering #sustainability #impact #events #meetup #creators #community #conference #volunteer #hackathon,174,13,2774,11,4
POST_000128,ACCOUNT_013,2025-04-04T18:00:00Z,image,Wandering through the historic cobblestone alleys of the old town. Every corner has centuries of stories. #heritage #architecture #wanderer #culture #travelgram What is your experience with this? #backpacking #travel #hiking #wanderlust,422,20,8701,16,38
POST_000129,ACCOUNT_040,2025-04-04T19:15:00Z,image,Deep dive into our engineering architecture: How we handle 20k concurrent data streams with zero downtime. Check the breakdown in our bio link! #softwareengineering #cloud #devops What is your experience with this? #datascience #ai,402,29,8187,30,5
POST_000130,ACCOUNT_032,2025-04-04T21:45:00Z,reel,Crispy garlic butter sourdough with slow-roasted tomatoes. The crunch in the first 3 seconds says it all! 🍞🍅 #foodie #baking #recipe #sourdough #homemade Which approach do you prefer in your daily workflow? #instafood #tasty #chef,5134,544,43657,452,792
POST_000131,ACCOUNT_014,2025-04-05T10:00:00Z,reel,"Year 2 financial review: Unit economics, churn metrics, and customer acquisition payback periods openly documented. Read our full transparent memo in bio! #buildinpublic #finance #transparency #leadership #business #startup #growth",90,10,1004,6,7
POST_000132,ACCOUNT_012,2025-04-05T10:45:00Z,image,Sunday slow cooking: 12-hour braised beef short ribs falling off the bone. Comfort food at its absolute finest. #slowcooking #comfortfood #dinnerideas #homechef,305,19,4285,18,14
POST_000133,ACCOUNT_004,2025-04-05T12:00:00Z,image,"Year 2 financial review: Unit economics, churn metrics, and customer acquisition payback periods openly documented. Read our full transparent memo in bio! #buildinpublic #finance #transparency Have you encountered this challenge recently? #marketing #entrepreneur #strategy #leadership #startup #growth #business #saas",2196,112,31608,181,202
POST_000134,ACCOUNT_038,2025-04-05T16:45:00Z,carousel,Clutched the 1v4 tournament round with only 100 HP remaining! Watch the final flick shot in the last 5 seconds 🔥🎮 #gaming #esports #clutch #gamers What is your experience with this? #streamer #gamingcommunity,25,2,951,5,1
POST_000135,ACCOUNT_006,2025-04-05T17:30:00Z,carousel,Redesigning iconic brand identities using modern brutalist aesthetic principles. Swipe to see the before and after! #branding #logo #designprocess #creative #cinematic #portrait,268,19,5423,30,30
POST_000136,ACCOUNT_026,2025-04-05T19:30:00Z,carousel,"Behind the lens: Lighting setup diagram, camera settings (ISO 100, f/1.8, 1/500s), and raw color grading curve. Save for your next shoot! #phototips #behindthescenes #lighting #cameragear #photography #photooftheday #visualsoflife #creative #cinematic #branding #graphicdesign #design #portrait #art",144,11,7639,26,3
POST_000137,ACCOUNT_029,2025-04-06T13:45:00Z,image,Volunteer weekend: Planting 15+ trees in the urban community garden. Huge thank you to everyone who showed up and made a difference! 🌱💚 #giveback #volunteering #sustainability #impact #events #conference #community #volunteer #hackathon #creators #collaboration,316,29,3800,17,18
POST_000138,ACCOUNT_022,2025-04-06T20:00:00Z,image,Crispy garlic butter sourdough with slow-roasted tomatoes. The crunch in the first 3 seconds says it all! 🍞🍅 #foodie #baking #recipe #sourdough #homemade Link in bio for the complete step-by-step breakdown. #cooking #tasty,388,34,5458,31,5
POST_000139,ACCOUNT_007,2025-04-07T10:45:00Z,image,"A calm Sunday reset routine: Decluttering the workspace, intentional meal prep, and setting 3 focus goals for the week ahead. 🌿☕ #sundayreset #mindfulness #habits #slowliving Drop your thoughts in the comments below! 🔥 #morningroutine #wellness #productivity",1218,78,33698,88,14
POST_000140,ACCOUNT_027,2025-04-07T16:15:00Z,image,"Reflecting on the month: 3 things I am grateful for, 2 challenges navigated, and 1 big priority for next month. #journaling #reflection #gratitude #mindfulliving #productivity #daily",135,6,2179,6,9
POST_000141,ACCOUNT_020,2025-04-08T14:45:00Z,image,Just deployed our new Optima model. The latency dropped by 30ms and accuracy reached 98.6%. What benchmark should we test next? #ai #machinelearning #datascience #tech What is your experience with this? #developer #startups #buildinpublic,56,3,1658,2,9
POST_000142,ACCOUNT_008,2025-04-08T15:15:00Z,reel,Game design breakdown: Why this opening level is a masterclass in non-verbal player tutorials. #gamedesign #storytelling #videogames #analysis Which approach do you prefer in your daily workflow? #pcgaming #streamer #gaming,1038,86,14847,61,166
POST_000143,ACCOUNT_002,2025-04-08T20:45:00Z,carousel,Crispy garlic butter sourdough with slow-roasted tomatoes. The crunch in the first 3 seconds says it all! 🍞🍅 #foodie #baking #recipe #sourdough #homemade #cooking #dinner #chef #tasty #delicious,186,18,5923,36,8
POST_000144,ACCOUNT_028,2025-04-09T11:45:00Z,carousel,"Custom PC build complete: Liquid cooling, cable combs, and clean ambient RGB lighting. Rate this battlestation from 1 to 10! 🕹️⚡ #pcbuild #gamingpc #battlestation #setup Drop your thoughts in the comments below! 🔥 #streamer #esports #gamingcommunity #twitch #gaming #pcgaming #gameplay #gamer #videogames",437,34,10023,56,75
POST_000145,ACCOUNT_015,2025-04-09T13:00:00Z,reel,How to structure your technical portfolio when you have zero formal industry experience: A step-by-step breakdown. Tag a student who needs this! #careeradvice #jobsearch #interviewprep #study #productivity,126,8,1227,8,28
POST_000146,ACCOUNT_001,2025-04-09T19:00:00Z,carousel,"Recovery is where the adaptation actually happens. Prioritize 8 hours of sleep, proper hydration, and scheduled deload weeks. #recovery #restday #wellness #mindset #health",495,38,11423,101,14
POST_000147,ACCOUNT_030,2025-04-09T21:00:00Z,carousel,5 critical lessons we learned after refactoring our core ML pipeline. Slide 3 is the most important lesson for teams scaling to production! #startups #datascience #engineering Which approach do you prefer in your daily workflow? #innovation #developer #coding #tech #buildinpublic #software #machinelearning,329,30,5039,37,56
POST_000148,ACCOUNT_033,2025-04-09T21:45:00Z,image,"Sunrise over the alpine peaks at 12,000 feet. The silence up here is something you never forget. Have you ever hiked in the Alps? 🏔️✨ #travel #adventure #hiking #wanderlust #vacation #explore",160,8,6675,8,13
POST_000149,ACCOUNT_018,2025-04-10T14:45:00Z,reel,Ranking every boss fight from easiest to nearly impossible. Which boss took you the most attempts? #gaminglife #bossfight #gameplay #streamer #battlestation #gamingcommunity #pcgaming #videogames,357,26,9461,38,77
POST_000150,ACCOUNT_021,2025-04-10T16:15:00Z,carousel,"High-protein pre-workout meal prep under 12 minutes! Simple ingredients, zero complicated steps. Recipe listed below 🥗💪 #nutrition #mealprep #cleaneating #fitlife #fitness #mobility #training #workout #health #wellness",1796,114,30069,322,237
POST_000151,ACCOUNT_039,2025-04-10T18:15:00Z,image,"Recap from our annual creator summit! Over 15 developers and founders gathered in person to share ideas, build prototypes, and collaborate. 🤝✨ #community #meetup #networking #conference What would you change about this setup?",190,14,1778,11,8
POST_000152,ACCOUNT_016,2025-04-10T20:15:00Z,image,Color palette breakdown: Harmonizing complementary warm tones with cool architectural shadows. Shot on 12mm prime lens. 🎨📸 #photography #colorgrading #cinematic #composition What would you change about this setup?,543,37,3890,31,21
POST_000153,ACCOUNT_023,2025-04-11T14:15:00Z,carousel,"Sunrise over the alpine peaks at 25,000 feet. The silence up here is something you never forget. Have you ever hiked in the Alps? 🏔️✨ #travel #adventure #hiking #wanderlust Save this post for your next project review!",784,51,7394,88,59
POST_000154,ACCOUNT_025,2025-04-11T18:00:00Z,reel,How to structure your technical portfolio when you have zero formal industry experience: A step-by-step breakdown. Tag a student who needs this! #careeradvice #jobsearch #interviewprep #career #productivity #study #upskill #interview #growthmindset #students,193,21,3907,13,47
POST_000155,ACCOUNT_003,2025-04-12T22:30:00Z,image,Road trip diary: 50 miles along the coastal highway with nothing but good music and endless ocean views. Who would you take on this drive? 🚗🌊 #roadtrip #scenic #coastal #escape Drop your thoughts in the comments below! 🔥 #backpacking,384,23,13033,26,42
POST_000156,ACCOUNT_031,2025-04-13T10:45:00Z,image,Consistency beats intensity every single time. Here is our 10-week progression breakdown for functional strength. Which goal are you chasing this season? #fitnessjourney #training #health Which approach do you prefer in your daily workflow? #workout #fitness,279,18,3805,18,26
POST_000157,ACCOUNT_035,2025-04-13T14:30:00Z,reel,Mastering complex systems: The Feynman technique explained in 4 visual slides. How do you approach learning difficult concepts? #studygram #knowledge #productivity #growthmindset Link in bio for the complete step-by-step breakdown. #learning #careeradvice #study,1121,82,15373,122,236
POST_000158,ACCOUNT_011,2025-04-14T20:30:00Z,reel,"High-protein pre-workout meal prep under 20 minutes! Simple ingredients, zero complicated steps. Recipe listed below 🥗💪 #nutrition #mealprep #cleaneating #fitlife Share this with someone who is currently working on this! #motivation #strength #training",311,28,4246,29,53
POST_000159,ACCOUNT_009,2025-04-15T09:30:00Z,carousel,Community spotlight: Highlighting the incredible work our members built during last weekend's 48-hour hackathon. Swipe to see the winners! #hackathon #creators #innovation #spotlight #networking #conference #volunteer #collaboration #impact #events #meetup,284,26,4254,37,38
POST_000160,ACCOUNT_005,2025-04-16T16:30:00Z,carousel,Top 45 free certifications that actually helped our team land senior engineering roles in 2026. Bookmark this for your weekend upskilling! 📚💡 #career #education #learning #upskill #productivity #students #growthmindset #study #interview #careeradvice,534,39,5504,81,13
POST_000161,ACCOUNT_024,2025-04-19T10:15:00Z,reel,"The anatomy of a high-converting landing page: Clear value proposition, visual proof, and zero distraction CTAs. Check the teardown! #growth #marketing #conversion #business #leadership",101,7,1621,9,18
POST_000162,ACCOUNT_034,2025-04-21T11:15:00Z,carousel,Hiring our first 12 engineers taught us these critical lessons on team culture and technical alignment. What is your #1 hiring criterion? #leadership #techjobs #management What would you change about this setup? #finance #entrepreneur #saas #growth #business #strategy #startup #marketing #buildinpublic,500,45,2356,63,6
POST_000163,ACCOUNT_036,2025-04-21T19:00:00Z,reel,"Typography rules every digital designer should know: Hierarchy, optical kerning, and vertical rhythm explained visually! #graphicdesign #typography #ui #designinspiration #branding #photooftheday",245,25,2078,15,28
POST_000164,ACCOUNT_006,2025-04-25T09:00:00Z,carousel,Color palette breakdown: Harmonizing complementary warm tones with cool architectural shadows. Shot on 500mm prime lens. 🎨📸 #photography #colorgrading #cinematic #composition Which approach do you prefer in your daily workflow? #visualsoflife #graphicdesign #branding,465,35,5514,72,45
POST_000165,ACCOUNT_040,2025-04-25T10:45:00Z,carousel,5 critical lessons we learned after refactoring our core ML pipeline. Slide 3 is the most important lesson for teams scaling to production! #startups #datascience #engineering #buildinpublic #software #coding,819,54,8422,98,100
POST_000166,ACCOUNT_026,2025-04-25T11:45:00Z,reel,Golden hour portrait session in the downtown district. Slide 2 vs Slide 3: Which lighting setup do you prefer? Tell us below! #portraitphotography #goldenhour #visualart #creator #design #cinematic #branding #art,915,75,7567,58,111
POST_000167,ACCOUNT_038,2025-04-25T20:30:00Z,image,Top 5 indie game gems released this quarter that deserve way more attention. Slide 3 is a masterpiece! #indiegames #gamedev #gamingcommunity #pcgaming Share this with someone who is currently working on this! #battlestation,61,4,965,2,6
POST_000168,ACCOUNT_037,2025-04-26T10:00:00Z,carousel,Small daily habits that compound over 12 months into massive life improvements. Which habit are you building right now? #personaldevelopment #routines #mindset #balance #selfcare,1484,119,8645,285,18
POST_000169,ACCOUNT_017,2025-04-26T10:30:00Z,reel,Designing a morning routine that you actually look forward to waking up for. What is the very first thing you do in the morning? #morningroutine #selfcare #wellness #lifestyle What would you change about this setup? #desksetup,139,9,2480,9,28
POST_000170,ACCOUNT_022,2025-04-26T17:45:00Z,carousel,Plating masterclass: 3 simple composition techniques that make home cooking look restaurant-grade. Swipe through the steps! #gourmet #foodstyling #cheftips #presentation #recipe #chef #instafood,521,36,5482,97,7
POST_000171,ACCOUNT_010,2025-04-26T20:30:00Z,reel,5 critical lessons we learned after refactoring our core ML pipeline. Slide 3 is the most important lesson for teams scaling to production! #startups #datascience #engineering #buildinpublic #tech #software #innovation,867,71,12114,85,172
POST_000172,ACCOUNT_032,2025-04-28T08:45:00Z,reel,Sunday slow cooking: 12-hour braised beef short ribs falling off the bone. Comfort food at its absolute finest. #slowcooking #comfortfood #dinnerideas #homechef Share this with someone who is currently working on this! #dinner #instafood #delicious #tasty #homemade #foodie #baking #cooking #recipe #chef,2990,240,44408,239,775
POST_000173,ACCOUNT_013,2025-04-28T18:45:00Z,image,Wandering through the historic cobblestone alleys of the old town. Every corner has centuries of stories. #heritage #architecture #wanderer #culture #travelgram #roadtrip,357,30,8743,15,16
POST_000174,ACCOUNT_019,2025-04-28T18:45:00Z,reel,Community spotlight: Highlighting the incredible work our members built during last weekend's 48-hour hackathon. Swipe to see the winners! #hackathon #creators #innovation #spotlight Save this post for your next project review! #conference,389,23,2766,27,63
POST_000175,ACCOUNT_007,2025-04-29T21:15:00Z,carousel,"Reflecting on the month: 3 things I am grateful for, 2 challenges navigated, and 1 big priority for next month. #journaling #reflection #gratitude #mindfulliving What would you change about this setup? #desksetup #daily #productivity #wellness #habits",2262,123,33201,406,28
POST_000176,ACCOUNT_012,2025-04-29T21:30:00Z,reel,Crispy garlic butter sourdough with slow-roasted tomatoes. The crunch in the first 3 seconds says it all! 🍞🍅 #foodie #baking #recipe #sourdough #homemade #dinner,234,15,4272,23,53
POST_000177,ACCOUNT_028,2025-04-30T08:45:00Z,reel,Clutched the 1v4 tournament round with only 15 HP remaining! Watch the final flick shot in the last 5 seconds 🔥🎮 #gaming #esports #clutch #gamers #streamer #twitch #battlestation #gamer #gameplay,394,32,9903,38,91
POST_000178,ACCOUNT_027,2025-04-30T14:00:00Z,image,"Desk setup tour 2026: Minimalist walnut wood, cable management under 15 minutes, and ergonomic lighting. #workspace #desksetup #minimalism #productivity #lifestyle",58,3,2172,2,4
POST_000179,ACCOUNT_008,2025-04-30T18:30:00Z,reel,"Custom PC build complete: Liquid cooling, cable combs, and clean ambient RGB lighting. Rate this battlestation from 1 to 10! 🕹️⚡ #pcbuild #gamingpc #battlestation #setup Share this with someone who is currently working on this! #pcgaming #streamer",406,22,14638,43,65
POST_000180,ACCOUNT_002,2025-04-30T18:45:00Z,reel,Street food tour through the night market: From artisan dumplings to spicy skewers! Which dish would you try first? 🍜🔥 #streetfood #foodtravel #culinary #tastetest Link in bio for the complete step-by-step breakdown. #homemade #chef #baking,373,36,5893,39,65
POST_000181,ACCOUNT_029,2025-05-01T15:45:00Z,reel,Volunteer weekend: Planting 100+ trees in the urban community garden. Huge thank you to everyone who showed up and made a difference! 🌱💚 #giveback #volunteering #sustainability #impact #networking #creators #meetup,321,18,3702,27,39
POST_000182,ACCOUNT_021,2025-05-01T17:00:00Z,reel,Form check breakdown: Notice the hip hinge and neutral spine alignment in slide 2. Tag a gym partner who needs to see this! #fitnesstips #squats #powerlifting #coaching Have you encountered this challenge recently? #workout #health,913,98,29873,75,205
POST_000183,ACCOUNT_033,2025-05-01T17:30:00Z,reel,Road trip diary: 7 miles along the coastal highway with nothing but good music and endless ocean views. Who would you take on this drive? 🚗🌊 #roadtrip #scenic #coastal #escape,703,70,6837,66,40
POST_000184,ACCOUNT_018,2025-05-01T18:45:00Z,carousel,Clutched the 1v4 tournament round with only 10 HP remaining! Watch the final flick shot in the last 5 seconds 🔥🎮 #gaming #esports #clutch #gamers Share this with someone who is currently working on this! #videogames,458,32,9548,80,6
POST_000185,ACCOUNT_004,2025-05-02T12:15:00Z,reel,"The anatomy of a high-converting landing page: Clear value proposition, visual proof, and zero distraction CTAs. Check the teardown! #growth #marketing #conversion #business Have you encountered this challenge recently? #startup #saas #leadership",2376,260,31664,170,262
POST_000186,ACCOUNT_016,2025-05-02T13:45:00Z,carousel,Color palette breakdown: Harmonizing complementary warm tones with cool architectural shadows. Shot on 15mm prime lens. 🎨📸 #photography #colorgrading #cinematic #composition #creative #photooftheday #portrait #art,342,28,3844,57,17
POST_000187,ACCOUNT_039,2025-05-02T15:00:00Z,carousel,Announcing our local meetup chapters across 15 cities worldwide! Find your local group link in bio and join the community. #networking #events #globalcommunity #collaboration #meetup #hackathon #creators #community #conference #impact,158,13,1850,29,2
POST_000188,ACCOUNT_014,2025-05-02T20:30:00Z,reel,Product roadmap meeting: Deciding what NOT to build is often 10x more important than adding new features. How does your team prioritize? #productmanagement #strategy #founder Link in bio for the complete step-by-step breakdown. #business #growth #marketing #entrepreneur #saas,47,5,1017,3,4
POST_000189,ACCOUNT_025,2025-05-03T12:15:00Z,image,How to structure your technical portfolio when you have zero formal industry experience: A step-by-step breakdown. Tag a student who needs this! #careeradvice #jobsearch #interviewprep Save this post for your next project review! #interview #students #upskill #growthmindset #study #productivity #learning,287,21,3936,12,8
POST_000190,ACCOUNT_020,2025-05-04T20:00:00Z,image,5 critical lessons we learned after refactoring our core ML pipeline. Slide 3 is the most important lesson for teams scaling to production! #startups #datascience #engineering Share this with someone who is currently working on this! #ai,125,10,1698,9,3
POST_000191,ACCOUNT_030,2025-05-04T22:00:00Z,reel,Just deployed our new Optima model. The latency dropped by 250ms and accuracy reached 97.2%. What benchmark should we test next? #ai #machinelearning #datascience #tech Link in bio for the complete step-by-step breakdown. #developer #startups,648,40,5152,55,71
POST_000192,ACCOUNT_031,2025-05-05T10:00:00Z,image,Form check breakdown: Notice the hip hinge and neutral spine alignment in slide 2. Tag a gym partner who needs to see this! #fitnesstips #squats #powerlifting #coaching What would you change about this setup? #fitness #strength #health #workout #wellness #training,96,5,3796,6,9
POST_000193,ACCOUNT_023,2025-05-05T11:30:00Z,reel,Packing light for a 20-day expedition: Everything fits into a single 35L backpack. Here is our essential gear checklist! #solotravel #backpacking #traveltips #gear Which approach do you prefer in your daily workflow? #wanderlust #roadtrip #explore #nature,366,35,7289,31,68
POST_000194,ACCOUNT_015,2025-05-05T18:45:00Z,reel,Resume audit: 3 common mistakes that get candidates filtered by ATS scanners and how to fix them today. #resumetips #hiring #careergoals #professional Which approach do you prefer in your daily workflow?,152,10,1214,15,22
POST_000195,ACCOUNT_001,2025-05-06T17:00:00Z,image,"High-protein pre-workout meal prep under 500 minutes! Simple ingredients, zero complicated steps. Recipe listed below 🥗💪 #nutrition #mealprep #cleaneating #fitlife #wellness #gym",235,11,11534,12,21
POST_000196,ACCOUNT_035,2025-05-06T20:15:00Z,reel,How to structure your technical portfolio when you have zero formal industry experience: A step-by-step breakdown. Tag a student who needs this! #careeradvice #jobsearch #interviewprep Drop your thoughts in the comments below! 🔥 #career #learning #study,1748,108,15838,171,177
POST_000197,ACCOUNT_003,2025-05-06T22:15:00Z,image,"Sunrise over the alpine peaks at 500,000 feet. The silence up here is something you never forget. Have you ever hiked in the Alps? 🏔️✨ #travel #adventure #hiking #wanderlust Which approach do you prefer in your daily workflow? #vacation",548,38,13471,39,6
POST_000198,ACCOUNT_011,2025-05-09T19:30:00Z,carousel,"Recovery is where the adaptation actually happens. Prioritize 8 hours of sleep, proper hydration, and scheduled deload weeks. #recovery #restday #wellness #mindset #fitness #health #training #workout",298,25,4311,38,10
POST_000199,ACCOUNT_009,2025-05-10T16:30:00Z,carousel,Community spotlight: Highlighting the incredible work our members built during last weekend's 48-hour hackathon. Swipe to see the winners! #hackathon #creators #innovation #spotlight Share this with someone who is currently working on this! #meetup #community #volunteer #impact #collaboration #events,223,21,4248,37,25
POST_000200,ACCOUNT_005,2025-05-12T20:00:00Z,image,Resume audit: 3 common mistakes that get candidates filtered by ATS scanners and how to fix them today. #resumetips #hiring #careergoals #professional #education,537,44,5497,33,30
POST_000201,ACCOUNT_024,2025-05-13T16:30:00Z,reel,Hiring our first 500 engineers taught us these critical lessons on team culture and technical alignment. What is your #1 hiring criterion? #leadership #techjobs #management,83,7,1659,5,9
POST_000202,ACCOUNT_036,2025-05-13T21:30:00Z,image,"Behind the lens: Lighting setup diagram, camera settings (ISO 100, f/1.8, 1/500s), and raw color grading curve. Save for your next shoot! #phototips #behindthescenes #lighting #cameragear #art #photography",193,10,2048,8,13
POST_000203,ACCOUNT_034,2025-05-14T08:45:00Z,image,Hiring our first 15 engineers taught us these critical lessons on team culture and technical alignment. What is your #1 hiring criterion? #leadership #techjobs #management #finance #entrepreneur #saas #business #startup #marketing #buildinpublic #strategy #growth,226,11,2482,17,11
POST_000204,ACCOUNT_006,2025-05-16T19:45:00Z,reel,Color palette breakdown: Harmonizing complementary warm tones with cool architectural shadows. Shot on 100mm prime lens. 🎨📸 #photography #colorgrading #cinematic #composition Link in bio for the complete step-by-step breakdown. #art #visualsoflife #graphicdesign #branding,223,17,5605,14,41
POST_000205,ACCOUNT_040,2025-05-16T21:00:00Z,reel,Just deployed our new PulseEngine model. The latency dropped by 250ms and accuracy reached 99.1%. What benchmark should we test next? #ai #machinelearning #datascience #tech Drop your thoughts in the comments below! 🔥 #innovation #coding #startups,1144,126,8713,100,181
POST_000206,ACCOUNT_019,2025-05-17T09:15:00Z,reel,Volunteer weekend: Planting 20+ trees in the urban community garden. Huge thank you to everyone who showed up and made a difference! 🌱💚 #giveback #volunteering #sustainability #impact Drop your thoughts in the comments below! 🔥 #volunteer #networking #events #community #hackathon #collaboration #creators #conference #meetup,109,9,2865,8,13
POST_000207,ACCOUNT_017,2025-05-17T18:00:00Z,reel,Designing a morning routine that you actually look forward to waking up for. What is the very first thing you do in the morning? #morningroutine #selfcare #wellness #lifestyle Have you encountered this challenge recently? #habits,270,30,2563,14,38
POST_000208,ACCOUNT_022,2025-05-18T09:45:00Z,reel,Crispy garlic butter sourdough with slow-roasted tomatoes. The crunch in the first 3 seconds says it all! 🍞🍅 #foodie #baking #recipe #sourdough #homemade What would you change about this setup? #tasty,516,57,5475,48,64
POST_000209,ACCOUNT_012,2025-05-18T16:45:00Z,reel,Our secret 15-ingredient reduction sauce that elevates any weeknight pasta. Recipe instructions detailed in the caption! Which pasta shape is your favorite? #pastalover #cheflife #cooking #instafood #chef,488,54,4324,36,49
POST_000210,ACCOUNT_007,2025-05-18T20:30:00Z,reel,Designing a morning routine that you actually look forward to waking up for. What is the very first thing you do in the morning? #morningroutine #selfcare #wellness #lifestyle #habits #mindfulness #daily,4281,445,33414,335,322
POST_000211,ACCOUNT_038,2025-05-20T11:00:00Z,carousel,Clutched the 1v4 tournament round with only 30 HP remaining! Watch the final flick shot in the last 5 seconds 🔥🎮 #gaming #esports #clutch #gamers #pcgaming #gamer #gameplay #gamingcommunity #streamer #videogames #battlestation #twitch,79,5,994,12,1
POST_000212,ACCOUNT_010,2025-05-20T21:00:00Z,reel,Which IDE theme keeps you most productive during late-night build sessions? Drop your setup in the comments! 💻✨ #coding #programming #developer #techlife Share this with someone who is currently working on this! #innovation,1359,157,11792,94,239
POST_000213,ACCOUNT_028,2025-05-21T15:15:00Z,carousel,"Custom PC build complete: Liquid cooling, cable combs, and clean ambient RGB lighting. Rate this battlestation from 1 to 10! 🕹️⚡ #pcbuild #gamingpc #battlestation #setup Save this post for your next project review! #pcgaming #gaming #gameplay #twitch #esports #gamingcommunity #videogames #streamer #gamer",665,70,10361,115,70
POST_000214,ACCOUNT_018,2025-05-21T19:30:00Z,image,Ranking every boss fight from easiest to nearly impossible. Which boss took you the most attempts? #gaminglife #bossfight #gameplay #streamer What is your experience with this? #gaming #gamer #battlestation #videogames #esports #pcgaming,746,40,9330,49,36
POST_000215,ACCOUNT_026,2025-05-21T19:30:00Z,image,"Behind the lens: Lighting setup diagram, camera settings (ISO 100, f/1.8, 1/500s), and raw color grading curve. Save for your next shoot! #phototips #behindthescenes #lighting #cameragear #visualsoflife #portrait",980,80,7675,49,51
POST_000216,ACCOUNT_029,2025-05-21T20:00:00Z,carousel,Community spotlight: Highlighting the incredible work our members built during last weekend's 48-hour hackathon. Swipe to see the winners! #hackathon #creators #innovation #spotlight Which approach do you prefer in your daily workflow? #events,448,25,3780,90,58
POST_000217,ACCOUNT_002,2025-05-22T12:45:00Z,carousel,Plating masterclass: 3 simple composition techniques that make home cooking look restaurant-grade. Swipe through the steps! #gourmet #foodstyling #cheftips #presentation #tasty #foodie #recipe #cooking #baking #delicious #homemade #chef,253,18,6085,52,4
POST_000218,ACCOUNT_013,2025-05-22T13:00:00Z,reel,"Sunrise over the alpine peaks at 15,000 feet. The silence up here is something you never forget. Have you ever hiked in the Alps? 🏔️✨ #travel #adventure #hiking #wanderlust #backpacking",629,44,8890,39,98
POST_000219,ACCOUNT_033,2025-05-23T12:45:00Z,carousel,Packing light for a 15-day expedition: Everything fits into a single 35L backpack. Here is our essential gear checklist! #solotravel #backpacking #traveltips #gear #travel #wanderlust,421,32,6715,69,5
POST_000220,ACCOUNT_037,2025-05-23T20:15:00Z,reel,"Reflecting on the month: 3 things I am grateful for, 2 challenges navigated, and 1 big priority for next month. #journaling #reflection #gratitude #mindfulliving #habits #desksetup #morningroutine #productivity",397,22,8606,27,57
POST_000221,ACCOUNT_030,2025-05-23T20:45:00Z,reel,Live demo of our real-time analytics interface! Notice how seamless the inference telemetry updates. Tell us your thoughts below 🔥 #technology #uiux #analytics #innovation What is your experience with this? #machinelearning #ai #startups #software,618,71,5295,58,91
POST_000222,ACCOUNT_039,2025-05-23T20:45:00Z,reel,Community spotlight: Highlighting the incredible work our members built during last weekend's 48-hour hackathon. Swipe to see the winners! #hackathon #creators #innovation #spotlight Share this with someone who is currently working on this!,145,17,1799,9,19
POST_000223,ACCOUNT_015,2025-05-24T20:00:00Z,carousel,Mastering complex systems: The Feynman technique explained in 4 visual slides. How do you approach learning difficult concepts? #studygram #knowledge #productivity #growthmindset What would you change about this setup? #career #upskill #learning #interview #education,165,13,1273,19,16
POST_000224,ACCOUNT_032,2025-05-24T21:15:00Z,reel,Street food tour through the night market: From artisan dumplings to spicy skewers! Which dish would you try first? 🍜🔥 #streetfood #foodtravel #culinary #tastetest Share this with someone who is currently working on this!,4680,369,44724,248,878
POST_000225,ACCOUNT_027,2025-05-25T10:45:00Z,image,Small daily habits that compound over 20 months into massive life improvements. Which habit are you building right now? #personaldevelopment #routines #mindset #balance Save this post for your next project review! #minimalism #wellness #morningroutine #daily,97,7,2183,8,5
POST_000226,ACCOUNT_031,2025-05-27T10:00:00Z,carousel,"Recovery is where the adaptation actually happens. Prioritize 8 hours of sleep, proper hydration, and scheduled deload weeks. #recovery #restday #wellness #mindset Link in bio for the complete step-by-step breakdown. #training #strength",469,31,3791,64,53
POST_000227,ACCOUNT_014,2025-05-27T13:45:00Z,carousel,Product roadmap meeting: Deciding what NOT to build is often 10x more important than adding new features. How does your team prioritize? #productmanagement #strategy #founder #leadership #growth,29,2,1041,6,0
POST_000228,ACCOUNT_003,2025-05-27T14:15:00Z,reel,Road trip diary: 15 miles along the coastal highway with nothing but good music and endless ocean views. Who would you take on this drive? 🚗🌊 #roadtrip #scenic #coastal #escape Drop your thoughts in the comments below! 🔥 #wanderlust #hiking #explore #nature #adventure,1062,64,13015,85,202
POST_000229,ACCOUNT_008,2025-05-27T18:30:00Z,reel,"Custom PC build complete: Liquid cooling, cable combs, and clean ambient RGB lighting. Rate this battlestation from 1 to 10! 🕹️⚡ #pcbuild #gamingpc #battlestation #setup Have you encountered this challenge recently? #pcgaming #twitch #gameplay #gamer #streamer",1233,145,15405,126,243
POST_000230,ACCOUNT_021,2025-05-27T21:00:00Z,reel,"Recovery is where the adaptation actually happens. Prioritize 8 hours of sleep, proper hydration, and scheduled deload weeks. #recovery #restday #wellness #mindset #mobility #gym #fitlife #strength #health",1897,140,31002,160,188
POST_000231,ACCOUNT_035,2025-05-27T21:15:00Z,reel,How to structure your technical portfolio when you have zero formal industry experience: A step-by-step breakdown. Tag a student who needs this! #careeradvice #jobsearch #interviewprep #career #productivity #interview #study,663,52,15755,70,112
POST_000232,ACCOUNT_023,2025-05-28T08:30:00Z,carousel,Wandering through the historic cobblestone alleys of the old town. Every corner has centuries of stories. #heritage #architecture #wanderer #culture #travelgram,331,28,7618,63,30
POST_000233,ACCOUNT_025,2025-05-28T18:30:00Z,reel,How to structure your technical portfolio when you have zero formal industry experience: A step-by-step breakdown. Tag a student who needs this! #careeradvice #jobsearch #interviewprep #career #students #productivity #learning,286,21,4057,30,59
POST_000234,ACCOUNT_016,2025-05-28T19:00:00Z,reel,Redesigning iconic brand identities using modern brutalist aesthetic principles. Swipe to see the before and after! #branding #logo #designprocess #creative What would you change about this setup? #design #photooftheday #cinematic #art #visualsoflife #photography #portrait,532,37,4009,35,120
POST_000235,ACCOUNT_020,2025-05-28T19:30:00Z,image,Deep dive into our engineering architecture: How we handle 50k concurrent data streams with zero downtime. Check the breakdown in our bio link! #softwareengineering #cloud #devops #ai,69,5,1659,6,5
POST_000236,ACCOUNT_004,2025-05-28T21:30:00Z,carousel,We bootstrap our SaaS to $100k MRR without outside venture capital. Here are the 4 fundamental growth loops we relied on: 📈 #saas #startups #entrepreneurship #bootstrap Drop your thoughts in the comments below! 🔥 #growth #marketing #startup #business #entrepreneur #finance #buildinpublic #strategy #leadership,2034,210,32811,304,261
POST_000237,ACCOUNT_001,2025-05-29T09:00:00Z,reel,Morning mobility routine: 100 minutes to unlock hip flexors and lower back tension before lifting. Save this routine for your next leg day! 🏋️‍♂️🔥 #fitness #mobility #workout #strength Which approach do you prefer in your daily workflow? #fitlife,643,60,11132,58,137
POST_000238,ACCOUNT_011,2025-05-30T09:30:00Z,carousel,Consistency beats intensity every single time. Here is our 7-week progression breakdown for functional strength. Which goal are you chasing this season? #fitnessjourney #training #health #strength,190,15,4395,40,16
POST_000239,ACCOUNT_036,2025-06-02T18:45:00Z,image,"Typography rules every digital designer should know: Hierarchy, optical kerning, and vertical rhythm explained visually! #graphicdesign #typography #ui #designinspiration What is your experience with this? #design #creative #visualsoflife #photooftheday #portrait #photography #art #cinematic",124,11,2070,8,10
POST_000240,ACCOUNT_034,2025-06-03T13:15:00Z,reel,We bootstrap our SaaS to $100k MRR without outside venture capital. Here are the 4 fundamental growth loops we relied on: 📈 #saas #startups #entrepreneurship #bootstrap #buildinpublic,200,18,2442,14,26
POST_000241,ACCOUNT_024,2025-06-04T11:45:00Z,reel,Hiring our first 25 engineers taught us these critical lessons on team culture and technical alignment. What is your #1 hiring criterion? #leadership #techjobs #management #entrepreneur #startup #growth,99,6,1683,9,27
POST_000242,ACCOUNT_040,2025-06-04T12:45:00Z,image,Deep dive into our engineering architecture: How we handle 5k concurrent data streams with zero downtime. Check the breakdown in our bio link! #softwareengineering #cloud #devops What is your experience with this? #datascience #buildinpublic #developer #tech,487,23,8848,32,21
POST_000243,ACCOUNT_019,2025-06-05T14:00:00Z,image,Hosting our monthly live Q&A session this Thursday at 18:00 UTC! What questions do you want us to answer live? Drop them below! #ama #livestream #communityfirst #engagement #creators #hackathon #collaboration,223,19,2855,18,15
POST_000244,ACCOUNT_017,2025-06-05T16:45:00Z,reel,"Desk setup tour 2026: Minimalist walnut wood, cable management under 15 minutes, and ergonomic lighting. #workspace #desksetup #minimalism #productivity #habits #lifestyle #selfcare #wellness #mindfulness",193,16,2540,14,41
POST_000245,ACCOUNT_009,2025-06-06T16:45:00Z,carousel,"Recap from our annual creator summit! Over 15 developers and founders gathered in person to share ideas, build prototypes, and collaborate. 🤝✨ #community #meetup #networking #conference #hackathon #collaboration #impact",174,18,4469,33,2
POST_000246,ACCOUNT_007,2025-06-07T10:00:00Z,image,Designing a morning routine that you actually look forward to waking up for. What is the very first thing you do in the morning? #morningroutine #selfcare #wellness #lifestyle Save this post for your next project review! #daily #minimalism,2626,247,34230,205,163
POST_000247,ACCOUNT_005,2025-06-07T13:15:00Z,reel,How to structure your technical portfolio when you have zero formal industry experience: A step-by-step breakdown. Tag a student who needs this! #careeradvice #jobsearch #interviewprep #upskill #growthmindset #students #productivity #interview,525,31,5397,50,61
POST_000248,ACCOUNT_022,2025-06-08T10:15:00Z,carousel,Our secret 15-ingredient reduction sauce that elevates any weeknight pasta. Recipe instructions detailed in the caption! Which pasta shape is your favorite? #pastalover #cheflife #cooking #delicious #dinner #baking #foodie #tasty #recipe #homemade #chef #instafood,885,90,5538,168,61
POST_000249,ACCOUNT_018,2025-06-10T19:45:00Z,carousel,Top 25 indie game gems released this quarter that deserve way more attention. Slide 3 is a masterpiece! #indiegames #gamedev #gamingcommunity #pcgaming #gaming #gamer,387,24,9604,73,41
POST_000250,ACCOUNT_037,2025-06-11T10:15:00Z,image,"Reflecting on the month: 3 things I am grateful for, 2 challenges navigated, and 1 big priority for next month. #journaling #reflection #gratitude #mindfulliving #productivity #selfcare #desksetup #wellness #lifestyle #mindfulness #minimalism #habits",261,15,8524,16,12
POST_000251,ACCOUNT_039,2025-06-11T11:15:00Z,carousel,Announcing our local meetup chapters across 12 cities worldwide! Find your local group link in bio and join the community. #networking #events #globalcommunity #collaboration #meetup #volunteer #community,245,16,1890,31,27
POST_000252,ACCOUNT_029,2025-06-11T18:45:00Z,reel,Hosting our monthly live Q&A session this Thursday at 18:00 UTC! What questions do you want us to answer live? Drop them below! #ama #livestream #communityfirst #engagement,401,23,3953,23,71
POST_000253,ACCOUNT_010,2025-06-11T19:15:00Z,reel,Deep dive into our engineering architecture: How we handle 500k concurrent data streams with zero downtime. Check the breakdown in our bio link! #softwareengineering #cloud #devops Which approach do you prefer in your daily workflow? #coding #ai #innovation #tech #machinelearning,510,41,12465,26,64
POST_000254,ACCOUNT_006,2025-06-11T21:30:00Z,reel,"Behind the lens: Lighting setup diagram, camera settings (ISO 100, f/1.8, 1/500s), and raw color grading curve. Save for your next shoot! #phototips #behindthescenes #lighting #cameragear #cinematic #photooftheday #graphicdesign #creative #branding",307,22,5418,26,44
POST_000255,ACCOUNT_028,2025-06-12T18:15:00Z,reel,Game design breakdown: Why this opening level is a masterclass in non-verbal player tutorials. #gamedesign #storytelling #videogames #analysis #twitch #gamingcommunity,381,43,10488,34,45
POST_000256,ACCOUNT_038,2025-06-12T19:30:00Z,reel,Top 5 indie game gems released this quarter that deserve way more attention. Slide 3 is a masterpiece! #indiegames #gamedev #gamingcommunity #pcgaming Share this with someone who is currently working on this! #battlestation #gaming #videogames,82,9,986,5,18
POST_000257,ACCOUNT_013,2025-06-13T19:00:00Z,reel,Packing light for a 25-day expedition: Everything fits into a single 35L backpack. Here is our essential gear checklist! #solotravel #backpacking #traveltips #gear Drop your thoughts in the comments below! 🔥 #travel #explore,664,55,8990,66,133
POST_000258,ACCOUNT_026,2025-06-13T19:30:00Z,carousel,"Typography rules every digital designer should know: Hierarchy, optical kerning, and vertical rhythm explained visually! #graphicdesign #typography #ui #designinspiration Have you encountered this challenge recently? #portrait #art #photography #creative #design #branding",350,30,7971,47,40
POST_000259,ACCOUNT_033,2025-06-14T09:15:00Z,reel,Hidden coastal gems you must visit in 2026! Slide 4 is an undiscovered bay with crystal-clear waters. Save this for your next itinerary! #travelguide #explore #vacation #bucketlist What would you change about this setup?,531,34,6792,57,122
POST_000260,ACCOUNT_012,2025-06-14T11:45:00Z,carousel,Sunday slow cooking: 12-hour braised beef short ribs falling off the bone. Comfort food at its absolute finest. #slowcooking #comfortfood #dinnerideas #homechef What is your experience with this? #cooking #delicious #foodie #instafood #dinner #chef #tasty #homemade #recipe #baking,492,40,4271,54,38
POST_000261,ACCOUNT_021,2025-06-15T22:00:00Z,image,Consistency beats intensity every single time. Here is our 100-week progression breakdown for functional strength. Which goal are you chasing this season? #fitnessjourney #training #health What is your experience with this? #mobility #gym #motivation #fitlife,3052,159,30463,177,258
POST_000262,ACCOUNT_030,2025-06-16T11:45:00Z,image,Which IDE theme keeps you most productive during late-night build sessions? Drop your setup in the comments! 💻✨ #coding #programming #developer #techlife Link in bio for the complete step-by-step breakdown. #datascience #machinelearning #startups #tech #ai #software #innovation #buildinpublic,215,16,5266,15,12
POST_000263,ACCOUNT_023,2025-06-16T17:00:00Z,reel,Packing light for a 5-day expedition: Everything fits into a single 35L backpack. Here is our essential gear checklist! #solotravel #backpacking #traveltips #gear #roadtrip,362,21,7739,28,57
POST_000264,ACCOUNT_004,2025-06-16T19:45:00Z,image,"The anatomy of a high-converting landing page: Clear value proposition, visual proof, and zero distraction CTAs. Check the teardown! #growth #marketing #conversion #business",925,73,33341,70,72
POST_000265,ACCOUNT_008,2025-06-17T08:45:00Z,image,"Custom PC build complete: Liquid cooling, cable combs, and clean ambient RGB lighting. Rate this battlestation from 1 to 10! 🕹️⚡ #pcbuild #gamingpc #battlestation #setup Save this post for your next project review! #gamingcommunity #videogames",407,31,15049,23,5
POST_000266,ACCOUNT_002,2025-06-17T13:15:00Z,image,Crispy garlic butter sourdough with slow-roasted tomatoes. The crunch in the first 3 seconds says it all! 🍞🍅 #foodie #baking #recipe #sourdough #homemade Which approach do you prefer in your daily workflow? #delicious #tasty #chef,304,28,6144,18,4
POST_000267,ACCOUNT_032,2025-06-19T15:45:00Z,image,Crispy garlic butter sourdough with slow-roasted tomatoes. The crunch in the first 3 seconds says it all! 🍞🍅 #foodie #baking #recipe #sourdough #homemade Link in bio for the complete step-by-step breakdown.,2354,219,44000,173,56
POST_000268,ACCOUNT_001,2025-06-20T13:30:00Z,reel,Form check breakdown: Notice the hip hinge and neutral spine alignment in slide 2. Tag a gym partner who needs to see this! #fitnesstips #squats #powerlifting #coaching What is your experience with this? #fitness #strength #training #health #workout,1066,65,11920,62,316
POST_000269,ACCOUNT_015,2025-06-20T17:00:00Z,carousel,How to structure your technical portfolio when you have zero formal industry experience: A step-by-step breakdown. Tag a student who needs this! #careeradvice #jobsearch #interviewprep #interview #upskill #productivity #growthmindset #career,67,5,1266,8,2
POST_000270,ACCOUNT_027,2025-06-20T20:15:00Z,image,Designing a morning routine that you actually look forward to waking up for. What is the very first thing you do in the morning? #morningroutine #selfcare #wellness #lifestyle #daily,126,10,2249,6,11
POST_000271,ACCOUNT_014,2025-06-21T21:45:00Z,image,Hiring our first 30 engineers taught us these critical lessons on team culture and technical alignment. What is your #1 hiring criterion? #leadership #techjobs #management #entrepreneur,87,5,1055,5,3
POST_000272,ACCOUNT_035,2025-06-22T14:30:00Z,image,Resume audit: 3 common mistakes that get candidates filtered by ATS scanners and how to fix them today. #resumetips #hiring #careergoals #professional #education #productivity #study,714,51,15995,44,27
POST_000273,ACCOUNT_031,2025-06-22T19:15:00Z,reel,Morning mobility routine: 25 minutes to unlock hip flexors and lower back tension before lifting. Save this routine for your next leg day! 🏋️‍♂️🔥 #fitness #mobility #workout #strength Have you encountered this challenge recently? #fitlife #training #wellness,312,24,3781,21,62
POST_000274,ACCOUNT_020,2025-06-23T09:30:00Z,image,Which IDE theme keeps you most productive during late-night build sessions? Drop your setup in the comments! 💻✨ #coding #programming #developer #techlife Which approach do you prefer in your daily workflow?,124,9,1729,9,11
POST_000275,ACCOUNT_003,2025-06-23T16:00:00Z,image,"Sunrise over the alpine peaks at 25,000 feet. The silence up here is something you never forget. Have you ever hiked in the Alps? 🏔️✨ #travel #adventure #hiking #wanderlust Save this post for your next project review! #backpacking #roadtrip #travelgram #explore",765,48,13845,63,30
POST_000276,ACCOUNT_025,2025-06-23T16:30:00Z,reel,Mastering complex systems: The Feynman technique explained in 4 visual slides. How do you approach learning difficult concepts? #studygram #knowledge #productivity #growthmindset,174,20,4084,11,31
POST_000277,ACCOUNT_016,2025-06-23T20:45:00Z,image,Redesigning iconic brand identities using modern brutalist aesthetic principles. Swipe to see the before and after! #branding #logo #designprocess #creative #graphicdesign #art #portrait #cinematic #photography #visualsoflife #photooftheday,456,26,4118,28,51
POST_000278,ACCOUNT_019,2025-06-24T20:45:00Z,image,Hosting our monthly live Q&A session this Thursday at 18:00 UTC! What questions do you want us to answer live? Drop them below! #ama #livestream #communityfirst #engagement What is your experience with this? #collaboration #conference #volunteer #impact #networking #meetup #creators #events #community #hackathon,267,25,2959,19,14
POST_000279,ACCOUNT_011,2025-06-25T17:00:00Z,reel,"Recovery is where the adaptation actually happens. Prioritize 8 hours of sleep, proper hydration, and scheduled deload weeks. #recovery #restday #wellness #mindset #workout #fitness #gym #training #fitlife",352,35,4493,34,32
POST_000280,ACCOUNT_036,2025-06-26T21:15:00Z,image,Color palette breakdown: Harmonizing complementary warm tones with cool architectural shadows. Shot on 10mm prime lens. 🎨📸 #photography #colorgrading #cinematic #composition,146,13,2166,8,5
POST_000281,ACCOUNT_017,2025-06-27T16:00:00Z,reel,Designing a morning routine that you actually look forward to waking up for. What is the very first thing you do in the morning? #morningroutine #selfcare #wellness #lifestyle Save this post for your next project review!,117,13,2654,10,17
POST_000282,ACCOUNT_040,2025-06-27T19:30:00Z,carousel,Deep dive into our engineering architecture: How we handle 3k concurrent data streams with zero downtime. Check the breakdown in our bio link! #softwareengineering #cloud #devops What would you change about this setup? #datascience #tech,562,46,8458,102,29
POST_000283,ACCOUNT_022,2025-06-29T08:45:00Z,reel,Street food tour through the night market: From artisan dumplings to spicy skewers! Which dish would you try first? 🍜🔥 #streetfood #foodtravel #culinary #tastetest What would you change about this setup? #cooking #dinner #instafood,452,28,5548,41,101
POST_000284,ACCOUNT_018,2025-06-29T12:45:00Z,reel,"Custom PC build complete: Liquid cooling, cable combs, and clean ambient RGB lighting. Rate this battlestation from 1 to 10! 🕹️⚡ #pcbuild #gamingpc #battlestation #setup Which approach do you prefer in your daily workflow? #gaming #gameplay #gamer #videogames #gamingcommunity #esports #streamer #twitch",467,32,9465,32,103
POST_000285,ACCOUNT_024,2025-06-29T12:45:00Z,image,"Year 2 financial review: Unit economics, churn metrics, and customer acquisition payback periods openly documented. Read our full transparent memo in bio! #buildinpublic #finance #transparency #growth #leadership",64,5,1657,4,1
POST_000286,ACCOUNT_009,2025-06-30T12:15:00Z,image,"Recap from our annual creator summit! Over 50 developers and founders gathered in person to share ideas, build prototypes, and collaborate. 🤝✨ #community #meetup #networking #conference #collaboration",210,16,4540,16,20
POST_000287,ACCOUNT_034,2025-06-30T18:45:00Z,image,We bootstrap our SaaS to $30k MRR without outside venture capital. Here are the 4 fundamental growth loops we relied on: 📈 #saas #startups #entrepreneurship #bootstrap #buildinpublic #leadership #startup #entrepreneur,114,10,2518,7,1
POST_000288,ACCOUNT_006,2025-07-01T13:15:00Z,image,Golden hour portrait session in the downtown district. Slide 2 vs Slide 3: Which lighting setup do you prefer? Tell us below! #portraitphotography #goldenhour #visualart #creator Drop your thoughts in the comments below! 🔥 #creative #graphicdesign #photooftheday #cinematic #portrait #design,256,17,5433,15,28
POST_000289,ACCOUNT_005,2025-07-02T10:15:00Z,reel,Top 250 free certifications that actually helped our team land senior engineering roles in 2026. Bookmark this for your weekend upskilling! 📚💡 #career #education #learning #upskill #students #interview #growthmindset #careeradvice #productivity #study,363,42,5448,36,64
POST_000290,ACCOUNT_038,2025-07-02T18:00:00Z,image,Clutched the 1v4 tournament round with only 50 HP remaining! Watch the final flick shot in the last 5 seconds 🔥🎮 #gaming #esports #clutch #gamers #streamer #pcgaming #videogames #gamer,93,6,1026,4,4
POST_000292,ACCOUNT_029,2025-07-03T09:00:00Z,image,Volunteer weekend: Planting 15+ trees in the urban community garden. Huge thank you to everyone who showed up and made a difference! 🌱💚 #giveback #volunteering #sustainability #impact Which approach do you prefer in your daily workflow? #volunteer #meetup #creators #conference #hackathon #community #events,190,9,4030,9,25
POST_000291,ACCOUNT_028,2025-07-03T09:00:00Z,image,Game design breakdown: Why this opening level is a masterclass in non-verbal player tutorials. #gamedesign #storytelling #videogames #analysis #gamer #gamingcommunity #esports #pcgaming,123,9,10643,10,4
POST_000293,ACCOUNT_007,2025-07-03T11:45:00Z,image,Small daily habits that compound over 25 months into massive life improvements. Which habit are you building right now? #personaldevelopment #routines #mindset #balance #productivity #selfcare,2037,119,33980,112,67
POST_000294,ACCOUNT_037,2025-07-06T16:15:00Z,carousel,Small daily habits that compound over 100 months into massive life improvements. Which habit are you building right now? #personaldevelopment #routines #mindset #balance Have you encountered this challenge recently? #productivity #lifestyle #desksetup #selfcare #habits,628,55,8920,114,69
POST_000295,ACCOUNT_030,2025-07-07T14:15:00Z,image,Live demo of our real-time analytics interface! Notice how seamless the inference telemetry updates. Tell us your thoughts below 🔥 #technology #uiux #analytics #innovation What would you change about this setup? #datascience,649,47,5464,41,33
POST_000296,ACCOUNT_033,2025-07-07T16:00:00Z,reel,Hidden coastal gems you must visit in 2026! Slide 4 is an undiscovered bay with crystal-clear waters. Save this for your next itinerary! #travelguide #explore #vacation #bucketlist What is your experience with this? #adventure #nature #wanderlust #travel #backpacking #roadtrip #travelgram #hiking,823,83,6840,52,149
POST_000297,ACCOUNT_010,2025-07-07T18:45:00Z,reel,Live demo of our real-time analytics interface! Notice how seamless the inference telemetry updates. Tell us your thoughts below 🔥 #technology #uiux #analytics #innovation Have you encountered this challenge recently? #software #coding #tech #developer #startups #machinelearning,1014,115,12554,98,153
POST_000298,ACCOUNT_039,2025-07-08T10:45:00Z,reel,Hosting our monthly live Q&A session this Thursday at 18:00 UTC! What questions do you want us to answer live? Drop them below! #ama #livestream #communityfirst #engagement What is your experience with this? #community #meetup,220,16,1825,13,64
POST_000299,ACCOUNT_032,2025-07-08T22:15:00Z,image,Sunday slow cooking: 12-hour braised beef short ribs falling off the bone. Comfort food at its absolute finest. #slowcooking #comfortfood #dinnerideas #homechef #dinner #instafood #homemade,4995,357,45745,269,614
POST_000300,ACCOUNT_013,2025-07-09T09:00:00Z,carousel,Packing light for a 250-day expedition: Everything fits into a single 35L backpack. Here is our essential gear checklist! #solotravel #backpacking #traveltips #gear Drop your thoughts in the comments below! 🔥 #roadtrip #adventure #vacation #travelgram #wanderlust #travel #explore #hiking #nature,357,27,9143,70,5
POST_000301,ACCOUNT_002,2025-07-09T11:15:00Z,image,Street food tour through the night market: From artisan dumplings to spicy skewers! Which dish would you try first? 🍜🔥 #streetfood #foodtravel #culinary #tastetest What is your experience with this?,147,14,6076,9,12
POST_000302,ACCOUNT_004,2025-07-10T15:00:00Z,image,"Year 2 financial review: Unit economics, churn metrics, and customer acquisition payback periods openly documented. Read our full transparent memo in bio! #buildinpublic #finance #transparency #strategy #startup #entrepreneur #growth",1341,73,31365,97,124
POST_000303,ACCOUNT_026,2025-07-10T17:15:00Z,reel,Golden hour portrait session in the downtown district. Slide 2 vs Slide 3: Which lighting setup do you prefer? Tell us below! #portraitphotography #goldenhour #visualart #creator #visualsoflife #cinematic #creative #photooftheday #art,312,27,8068,23,55
POST_000304,ACCOUNT_021,2025-07-11T10:00:00Z,reel,Form check breakdown: Notice the hip hinge and neutral spine alignment in slide 2. Tag a gym partner who needs to see this! #fitnesstips #squats #powerlifting #coaching Save this post for your next project review! #wellness #fitlife #training #motivation #mobility,2526,182,31082,140,530
POST_000305,ACCOUNT_012,2025-07-11T19:00:00Z,image,Sunday slow cooking: 12-hour braised beef short ribs falling off the bone. Comfort food at its absolute finest. #slowcooking #comfortfood #dinnerideas #homechef #delicious #baking #chef #cooking #tasty,186,11,4443,9,24
POST_000306,ACCOUNT_023,2025-07-12T19:15:00Z,image,"Sunrise over the alpine peaks at 3,000 feet. The silence up here is something you never forget. Have you ever hiked in the Alps? 🏔️✨ #travel #adventure #hiking #wanderlust #roadtrip #nature",392,20,7429,28,25
POST_000307,ACCOUNT_031,2025-07-13T11:15:00Z,image,Morning mobility routine: 20 minutes to unlock hip flexors and lower back tension before lifting. Save this routine for your next leg day! 🏋️‍♂️🔥 #fitness #mobility #workout #strength #gym,373,31,4014,15,43
POST_000308,ACCOUNT_001,2025-07-13T17:15:00Z,carousel,"Recovery is where the adaptation actually happens. Prioritize 8 hours of sleep, proper hydration, and scheduled deload weeks. #recovery #restday #wellness #mindset #training #workout #strength #motivation #gym",1033,80,11509,187,55
POST_000309,ACCOUNT_027,2025-07-13T19:45:00Z,reel,"Reflecting on the month: 3 things I am grateful for, 2 challenges navigated, and 1 big priority for next month. #journaling #reflection #gratitude #mindfulliving #mindfulness #productivity #desksetup #wellness",57,5,2200,6,7
POST_000310,ACCOUNT_025,2025-07-13T21:30:00Z,image,How to structure your technical portfolio when you have zero formal industry experience: A step-by-step breakdown. Tag a student who needs this! #careeradvice #jobsearch #interviewprep #interview #growthmindset #upskill #productivity #students #career #study,385,29,4110,22,13
POST_000311,ACCOUNT_008,2025-07-14T13:45:00Z,reel,Top 100 indie game gems released this quarter that deserve way more attention. Slide 3 is a masterpiece! #indiegames #gamedev #gamingcommunity #pcgaming #gamer,941,73,15706,90,91
POST_000312,ACCOUNT_014,2025-07-14T18:45:00Z,image,Hiring our first 3 engineers taught us these critical lessons on team culture and technical alignment. What is your #1 hiring criterion? #leadership #techjobs #management Have you encountered this challenge recently? #startup #growth #saas #buildinpublic #strategy #business #marketing,99,7,1074,5,2
POST_000313,ACCOUNT_015,2025-07-14T21:30:00Z,carousel,"Public speaking masterclass: Overcoming imposter syndrome and delivering clear, impactful conference talks. #publicspeaking #confidence #communication #mentorship Have you encountered this challenge recently? #careeradvice #growthmindset",185,17,1273,19,13
POST_000314,ACCOUNT_018,2025-07-18T08:00:00Z,image,"Custom PC build complete: Liquid cooling, cable combs, and clean ambient RGB lighting. Rate this battlestation from 1 to 10! 🕹️⚡ #pcbuild #gamingpc #battlestation #setup #gamer #esports #gameplay",701,53,10166,55,64
POST_000315,ACCOUNT_035,2025-07-18T17:00:00Z,image,How to structure your technical portfolio when you have zero formal industry experience: A step-by-step breakdown. Tag a student who needs this! #careeradvice #jobsearch #interviewprep Drop your thoughts in the comments below! 🔥 #education #career #students,794,42,16698,40,79
POST_000316,ACCOUNT_003,2025-07-18T20:00:00Z,carousel,Road trip diary: 100 miles along the coastal highway with nothing but good music and endless ocean views. Who would you take on this drive? 🚗🌊 #roadtrip #scenic #coastal #escape Drop your thoughts in the comments below! 🔥 #vacation #backpacking #nature #explore #hiking #travel,1411,99,13598,189,180
POST_000317,ACCOUNT_019,2025-07-18T20:00:00Z,image,Hosting our monthly live Q&A session this Thursday at 18:00 UTC! What questions do you want us to answer live? Drop them below! #ama #livestream #communityfirst #engagement #creators #hackathon #meetup #events #collaboration #conference #community #impact,183,17,2901,8,6
POST_000318,ACCOUNT_016,2025-07-19T12:00:00Z,reel,Color palette breakdown: Harmonizing complementary warm tones with cool architectural shadows. Shot on 15mm prime lens. 🎨📸 #photography #colorgrading #cinematic #composition #visualsoflife,285,21,4137,25,70
POST_000319,ACCOUNT_017,2025-07-20T10:15:00Z,image,"Desk setup tour 2026: Minimalist walnut wood, cable management under 15 minutes, and ergonomic lighting. #workspace #desksetup #minimalism #productivity Drop your thoughts in the comments below! 🔥 #wellness",82,6,2630,3,5
POST_000320,ACCOUNT_006,2025-07-20T10:45:00Z,image,"Behind the lens: Lighting setup diagram, camera settings (ISO 100, f/1.8, 1/500s), and raw color grading curve. Save for your next shoot! #phototips #behindthescenes #lighting #cameragear Link in bio for the complete step-by-step breakdown. #photooftheday #branding #graphicdesign #photography #portrait #creative",374,21,5443,14,24
POST_000321,ACCOUNT_011,2025-07-20T13:00:00Z,reel,"High-protein pre-workout meal prep under 30 minutes! Simple ingredients, zero complicated steps. Recipe listed below 🥗💪 #nutrition #mealprep #cleaneating #fitlife Drop your thoughts in the comments below! 🔥 #fitness #mobility",316,31,4615,25,25
POST_000322,ACCOUNT_020,2025-07-20T20:45:00Z,reel,Just deployed our new CoreAI model. The latency dropped by 20ms and accuracy reached 92.4%. What benchmark should we test next? #ai #machinelearning #datascience #tech Save this post for your next project review! #startups #developer,98,9,1781,10,22
POST_000323,ACCOUNT_034,2025-07-21T10:15:00Z,reel,"The anatomy of a high-converting landing page: Clear value proposition, visual proof, and zero distraction CTAs. Check the teardown! #growth #marketing #conversion #business #buildinpublic #finance #leadership #strategy",170,14,2551,12,17
POST_000324,ACCOUNT_005,2025-07-21T11:00:00Z,reel,"Public speaking masterclass: Overcoming imposter syndrome and delivering clear, impactful conference talks. #publicspeaking #confidence #communication #mentorship",443,40,5433,42,71
POST_000325,ACCOUNT_040,2025-07-21T12:45:00Z,image,Just deployed our new PulseEngine model. The latency dropped by 15ms and accuracy reached 97.2%. What benchmark should we test next? #ai #machinelearning #datascience #tech,865,85,8844,44,79
POST_000326,ACCOUNT_022,2025-07-22T15:30:00Z,carousel,Sunday slow cooking: 12-hour braised beef short ribs falling off the bone. Comfort food at its absolute finest. #slowcooking #comfortfood #dinnerideas #homechef Save this post for your next project review! #recipe #delicious #baking,381,22,5834,53,69
POST_000327,ACCOUNT_036,2025-07-22T16:30:00Z,reel,"Behind the lens: Lighting setup diagram, camera settings (ISO 100, f/1.8, 1/500s), and raw color grading curve. Save for your next shoot! #phototips #behindthescenes #lighting #cameragear #cinematic #portrait #creative #photooftheday #design",160,11,2111,15,16
POST_000328,ACCOUNT_007,2025-07-25T13:45:00Z,reel,"Reflecting on the month: 3 things I am grateful for, 2 challenges navigated, and 1 big priority for next month. #journaling #reflection #gratitude #mindfulliving Drop your thoughts in the comments below! 🔥 #selfcare #habits #wellness #productivity #morningroutine #lifestyle",3947,361,33672,319,737
POST_000329,ACCOUNT_009,2025-07-26T13:15:00Z,carousel,Hosting our monthly live Q&A session this Thursday at 18:00 UTC! What questions do you want us to answer live? Drop them below! #ama #livestream #communityfirst #engagement What is your experience with this? #networking,390,35,4443,74,5
POST_000330,ACCOUNT_024,2025-07-26T13:15:00Z,carousel,We bootstrap our SaaS to $250k MRR without outside venture capital. Here are the 4 fundamental growth loops we relied on: 📈 #saas #startups #entrepreneurship #bootstrap Link in bio for the complete step-by-step breakdown. #leadership #startup #strategy #buildinpublic,226,17,1724,27,30
POST_000331,ACCOUNT_038,2025-07-26T20:30:00Z,carousel,Clutched the 1v4 tournament round with only 3 HP remaining! Watch the final flick shot in the last 5 seconds 🔥🎮 #gaming #esports #clutch #gamers #twitch #pcgaming #gamingcommunity #videogames #gamer #streamer #battlestation #gameplay,80,8,978,16,1
POST_000332,ACCOUNT_030,2025-07-28T11:30:00Z,carousel,5 critical lessons we learned after refactoring our core ML pipeline. Slide 3 is the most important lesson for teams scaling to production! #startups #datascience #engineering #innovation #ai #developer,177,13,5234,33,11
POST_000333,ACCOUNT_032,2025-07-28T21:30:00Z,carousel,Our secret 50-ingredient reduction sauce that elevates any weeknight pasta. Recipe instructions detailed in the caption! Which pasta shape is your favorite? #pastalover #cheflife #cooking Drop your thoughts in the comments below! 🔥 #delicious #homemade #foodie #instafood #tasty,5256,434,44638,841,64
POST_000334,ACCOUNT_039,2025-07-30T10:45:00Z,reel,Volunteer weekend: Planting 15+ trees in the urban community garden. Huge thank you to everyone who showed up and made a difference! 🌱💚 #giveback #volunteering #sustainability #impact #networking,125,12,1971,10,11
POST_000335,ACCOUNT_013,2025-07-30T11:00:00Z,reel,Packing light for a 500-day expedition: Everything fits into a single 35L backpack. Here is our essential gear checklist! #solotravel #backpacking #traveltips #gear #hiking #wanderlust,350,37,8757,23,57
POST_000336,ACCOUNT_028,2025-07-30T19:00:00Z,reel,Game design breakdown: Why this opening level is a masterclass in non-verbal player tutorials. #gamedesign #storytelling #videogames #analysis Drop your thoughts in the comments below! 🔥 #streamer #gaming #esports #battlestation #twitch #gamingcommunity #gameplay,689,71,10821,74,138
POST_000337,ACCOUNT_029,2025-07-30T22:00:00Z,image,"Recap from our annual creator summit! Over 10 developers and founders gathered in person to share ideas, build prototypes, and collaborate. 🤝✨ #community #meetup #networking #conference Drop your thoughts in the comments below! 🔥 #collaboration #hackathon",166,12,3823,13,12
POST_000338,ACCOUNT_026,2025-08-01T11:15:00Z,image,Golden hour portrait session in the downtown district. Slide 2 vs Slide 3: Which lighting setup do you prefer? Tell us below! #portraitphotography #goldenhour #visualart #creator #cinematic #photooftheday #visualsoflife,216,17,8125,8,15
POST_000339,ACCOUNT_037,2025-08-02T12:00:00Z,image,"Desk setup tour 2026: Minimalist walnut wood, cable management under 15 minutes, and ergonomic lighting. #workspace #desksetup #minimalism #productivity #wellness #habits #selfcare #lifestyle #mindfulness #daily #morningroutine",830,57,8672,45,74
POST_000340,ACCOUNT_001,2025-08-02T15:30:00Z,reel,Morning mobility routine: 10 minutes to unlock hip flexors and lower back tension before lifting. Save this routine for your next leg day! 🏋️‍♂️🔥 #fitness #mobility #workout #strength #gym,1044,82,11955,98,94
POST_000341,ACCOUNT_021,2025-08-02T18:45:00Z,carousel,Morning mobility routine: 250 minutes to unlock hip flexors and lower back tension before lifting. Save this routine for your next leg day! 🏋️‍♂️🔥 #fitness #mobility #workout #strength Link in bio for the complete step-by-step breakdown. #training #motivation,4058,355,30076,471,548
POST_000342,ACCOUNT_015,2025-08-02T21:15:00Z,reel,Mastering complex systems: The Feynman technique explained in 4 visual slides. How do you approach learning difficult concepts? #studygram #knowledge #productivity #growthmindset #career #students #upskill,69,8,1329,5,11
POST_000343,ACCOUNT_010,2025-08-03T13:00:00Z,image,Just deployed our new CoreAI model. The latency dropped by 50ms and accuracy reached 94.8%. What benchmark should we test next? #ai #machinelearning #datascience #tech #developer #coding #innovation #buildinpublic,527,38,12279,35,44
POST_000344,ACCOUNT_033,2025-08-03T20:30:00Z,reel,Wandering through the historic cobblestone alleys of the old town. Every corner has centuries of stories. #heritage #architecture #wanderer #culture #travelgram #backpacking #nature #adventure,295,21,7202,20,69
POST_000345,ACCOUNT_025,2025-08-04T10:45:00Z,image,Mastering complex systems: The Feynman technique explained in 4 visual slides. How do you approach learning difficult concepts? #studygram #knowledge #productivity #growthmindset Which approach do you prefer in your daily workflow? #interview #students #study,288,27,4120,24,9
POST_000346,ACCOUNT_002,2025-08-04T16:15:00Z,carousel,Crispy garlic butter sourdough with slow-roasted tomatoes. The crunch in the first 3 seconds says it all! 🍞🍅 #foodie #baking #recipe #sourdough #homemade What is your experience with this? #tasty #instafood #dinner #chef,423,23,6445,52,22
POST_000347,ACCOUNT_023,2025-08-06T10:45:00Z,carousel,"Sunrise over the alpine peaks at 45,000 feet. The silence up here is something you never forget. Have you ever hiked in the Alps? 🏔️✨ #travel #adventure #hiking #wanderlust What would you change about this setup?",399,31,7797,78,45
POST_000348,ACCOUNT_004,2025-08-06T12:30:00Z,image,Product roadmap meeting: Deciding what NOT to build is often 10x more important than adding new features. How does your team prioritize? #productmanagement #strategy #founder #leadership #startup #entrepreneur #saas #business #buildinpublic #finance,1319,69,32856,90,100
POST_000349,ACCOUNT_014,2025-08-06T19:00:00Z,carousel,"The anatomy of a high-converting landing page: Clear value proposition, visual proof, and zero distraction CTAs. Check the teardown! #growth #marketing #conversion #business Have you encountered this challenge recently? #buildinpublic",60,5,1055,11,6
POST_000350,ACCOUNT_027,2025-08-07T09:15:00Z,reel,Designing a morning routine that you actually look forward to waking up for. What is the very first thing you do in the morning? #morningroutine #selfcare #wellness #lifestyle Which approach do you prefer in your daily workflow? #desksetup #productivity,213,13,2172,20,24
POST_000351,ACCOUNT_012,2025-08-07T11:30:00Z,reel,Sunday slow cooking: 12-hour braised beef short ribs falling off the bone. Comfort food at its absolute finest. #slowcooking #comfortfood #dinnerideas #homechef #baking #delicious #cooking #foodie,577,67,4303,49,97
POST_000352,ACCOUNT_031,2025-08-07T13:45:00Z,reel,"High-protein pre-workout meal prep under 500 minutes! Simple ingredients, zero complicated steps. Recipe listed below 🥗💪 #nutrition #mealprep #cleaneating #fitlife Drop your thoughts in the comments below! 🔥 #workout #training #motivation #health #fitness #mobility #strength #gym #wellness",382,24,3777,33,49
POST_000353,ACCOUNT_019,2025-08-08T10:45:00Z,carousel,Community spotlight: Highlighting the incredible work our members built during last weekend's 48-hour hackathon. Swipe to see the winners! #hackathon #creators #innovation #spotlight #meetup #collaboration #networking #community #impact #events,99,7,3045,17,8
POST_000354,ACCOUNT_035,2025-08-09T11:15:00Z,reel,Mastering complex systems: The Feynman technique explained in 4 visual slides. How do you approach learning difficult concepts? #studygram #knowledge #productivity #growthmindset Save this post for your next project review! #upskill #careeradvice,2598,294,15740,243,441
POST_000355,ACCOUNT_034,2025-08-09T16:15:00Z,reel,"The anatomy of a high-converting landing page: Clear value proposition, visual proof, and zero distraction CTAs. Check the teardown! #growth #marketing #conversion #business #buildinpublic #leadership",278,25,2415,15,46
POST_000356,ACCOUNT_008,2025-08-09T17:00:00Z,carousel,Ranking every boss fight from easiest to nearly impossible. Which boss took you the most attempts? #gaminglife #bossfight #gameplay #streamer #pcgaming #gaming #gamer #gamingcommunity,693,45,15258,134,8
POST_000357,ACCOUNT_018,2025-08-10T15:45:00Z,reel,Clutched the 1v4 tournament round with only 10 HP remaining! Watch the final flick shot in the last 5 seconds 🔥🎮 #gaming #esports #clutch #gamers Drop your thoughts in the comments below! 🔥,898,76,9726,52,189
POST_000358,ACCOUNT_016,2025-08-12T19:30:00Z,reel,"Typography rules every digital designer should know: Hierarchy, optical kerning, and vertical rhythm explained visually! #graphicdesign #typography #ui #designinspiration #photography",317,25,4077,23,35
POST_000359,ACCOUNT_017,2025-08-13T09:15:00Z,image,"A calm Sunday reset routine: Decluttering the workspace, intentional meal prep, and setting 3 focus goals for the week ahead. 🌿☕ #sundayreset #mindfulness #habits #slowliving Link in bio for the complete step-by-step breakdown. #daily",67,5,2511,3,3
POST_000360,ACCOUNT_003,2025-08-13T10:00:00Z,reel,"Sunrise over the alpine peaks at 20,000 feet. The silence up here is something you never forget. Have you ever hiked in the Alps? 🏔️✨ #travel #adventure #hiking #wanderlust #roadtrip",578,36,14244,43,131
POST_000361,ACCOUNT_022,2025-08-13T19:45:00Z,image,Plating masterclass: 3 simple composition techniques that make home cooking look restaurant-grade. Swipe through the steps! #gourmet #foodstyling #cheftips #presentation #tasty #delicious #cooking #dinner,519,31,5521,18,38
POST_000362,ACCOUNT_005,2025-08-13T20:30:00Z,image,"Public speaking masterclass: Overcoming imposter syndrome and delivering clear, impactful conference talks. #publicspeaking #confidence #communication #mentorship #study #learning #productivity",466,29,5877,29,36
POST_000363,ACCOUNT_011,2025-08-14T10:00:00Z,carousel,Form check breakdown: Notice the hip hinge and neutral spine alignment in slide 2. Tag a gym partner who needs to see this! #fitnesstips #squats #powerlifting #coaching #workout #mobility #strength #fitlife,230,14,4342,33,22
POST_000364,ACCOUNT_040,2025-08-14T16:00:00Z,reel,Live demo of our real-time analytics interface! Notice how seamless the inference telemetry updates. Tell us your thoughts below 🔥 #technology #uiux #analytics #innovation #startups #machinelearning #buildinpublic,608,54,8435,34,150
POST_000365,ACCOUNT_020,2025-08-14T19:00:00Z,reel,Deep dive into our engineering architecture: How we handle 25k concurrent data streams with zero downtime. Check the breakdown in our bio link! #softwareengineering #cloud #devops Link in bio for the complete step-by-step breakdown. #startups #developer #software #ai #tech #datascience,107,10,1774,6,19
POST_000366,ACCOUNT_006,2025-08-15T19:45:00Z,image,"Behind the lens: Lighting setup diagram, camera settings (ISO 100, f/1.8, 1/500s), and raw color grading curve. Save for your next shoot! #phototips #behindthescenes #lighting #cameragear Have you encountered this challenge recently? #photography #photooftheday #art #visualsoflife #branding #design #graphicdesign #cinematic #portrait #creative",342,33,5565,25,10
POST_000367,ACCOUNT_036,2025-08-17T08:00:00Z,reel,"Behind the lens: Lighting setup diagram, camera settings (ISO 100, f/1.8, 1/500s), and raw color grading curve. Save for your next shoot! #phototips #behindthescenes #lighting #cameragear #design #photography #art #visualsoflife #cinematic #photooftheday #branding #creative #portrait #graphicdesign",198,16,2055,11,39
POST_000368,ACCOUNT_032,2025-08-17T21:00:00Z,image,Street food tour through the night market: From artisan dumplings to spicy skewers! Which dish would you try first? 🍜🔥 #streetfood #foodtravel #culinary #tastetest #instafood,3144,169,44158,213,230
POST_000369,ACCOUNT_007,2025-08-19T11:30:00Z,carousel,"Reflecting on the month: 3 things I am grateful for, 2 challenges navigated, and 1 big priority for next month. #journaling #reflection #gratitude #mindfulliving",1890,139,36513,256,75
POST_000370,ACCOUNT_038,2025-08-21T09:30:00Z,image,Game design breakdown: Why this opening level is a masterclass in non-verbal player tutorials. #gamedesign #storytelling #videogames #analysis #gamer,19,2,1047,1,0
POST_000371,ACCOUNT_037,2025-08-21T16:30:00Z,image,"Desk setup tour 2026: Minimalist walnut wood, cable management under 15 minutes, and ergonomic lighting. #workspace #desksetup #minimalism #productivity",616,37,9137,45,41
POST_000372,ACCOUNT_033,2025-08-22T15:45:00Z,reel,Road trip diary: 25 miles along the coastal highway with nothing but good music and endless ocean views. Who would you take on this drive? 🚗🌊 #roadtrip #scenic #coastal #escape #travel #explore,323,28,7299,31,36
POST_000373,ACCOUNT_024,2025-08-22T16:15:00Z,reel,We bootstrap our SaaS to $12k MRR without outside venture capital. Here are the 4 fundamental growth loops we relied on: 📈 #saas #startups #entrepreneurship #bootstrap What would you change about this setup?,133,10,1781,12,21
POST_000374,ACCOUNT_029,2025-08-22T19:00:00Z,carousel,"Recap from our annual creator summit! Over 5 developers and founders gathered in person to share ideas, build prototypes, and collaborate. 🤝✨ #community #meetup #networking #conference",215,20,4057,24,16
POST_000375,ACCOUNT_009,2025-08-22T20:45:00Z,image,"Recap from our annual creator summit! Over 100 developers and founders gathered in person to share ideas, build prototypes, and collaborate. 🤝✨ #community #meetup #networking #conference Have you encountered this challenge recently?",550,40,4449,34,13
POST_000376,ACCOUNT_030,2025-08-23T20:15:00Z,reel,Just deployed our new NexusML model. The latency dropped by 250ms and accuracy reached 99.1%. What benchmark should we test next? #ai #machinelearning #datascience #tech Which approach do you prefer in your daily workflow? #developer,600,51,5190,34,82
POST_000377,ACCOUNT_013,2025-08-24T10:15:00Z,carousel,Packing light for a 500-day expedition: Everything fits into a single 35L backpack. Here is our essential gear checklist! #solotravel #backpacking #traveltips #gear #vacation #wanderlust,350,22,9488,54,52
POST_000378,ACCOUNT_015,2025-08-24T11:15:00Z,reel,Resume audit: 3 common mistakes that get candidates filtered by ATS scanners and how to fix them today. #resumetips #hiring #careergoals #professional #education #study #career #upskill #productivity #careeradvice,190,21,1236,13,21
POST_000379,ACCOUNT_039,2025-08-24T15:00:00Z,reel,"Recap from our annual creator summit! Over 15 developers and founders gathered in person to share ideas, build prototypes, and collaborate. 🤝✨ #community #meetup #networking #conference #creators #volunteer #hackathon #events #impact",242,23,1899,21,26
POST_000380,ACCOUNT_021,2025-08-25T16:45:00Z,carousel,"Recovery is where the adaptation actually happens. Prioritize 8 hours of sleep, proper hydration, and scheduled deload weeks. #recovery #restday #wellness #mindset What is your experience with this? #mobility",1641,153,29977,203,180
POST_000381,ACCOUNT_010,2025-08-25T19:30:00Z,carousel,Which IDE theme keeps you most productive during late-night build sessions? Drop your setup in the comments! 💻✨ #coding #programming #developer #techlife #startups #software,708,55,12274,131,9
POST_000382,ACCOUNT_023,2025-08-25T20:15:00Z,carousel,"Sunrise over the alpine peaks at 5,000 feet. The silence up here is something you never forget. Have you ever hiked in the Alps? 🏔️✨ #travel #adventure #hiking #wanderlust Share this with someone who is currently working on this!",733,62,7971,147,32
POST_000383,ACCOUNT_012,2025-08-26T15:00:00Z,image,Plating masterclass: 3 simple composition techniques that make home cooking look restaurant-grade. Swipe through the steps! #gourmet #foodstyling #cheftips #presentation #baking #homemade #chef #cooking #recipe #tasty #foodie #instafood,164,13,4336,6,6
POST_000384,ACCOUNT_002,2025-08-26T15:45:00Z,carousel,Street food tour through the night market: From artisan dumplings to spicy skewers! Which dish would you try first? 🍜🔥 #streetfood #foodtravel #culinary #tastetest Save this post for your next project review! #delicious,142,10,6333,24,19
POST_000385,ACCOUNT_028,2025-08-26T19:15:00Z,reel,"Custom PC build complete: Liquid cooling, cable combs, and clean ambient RGB lighting. Rate this battlestation from 1 to 10! 🕹️⚡ #pcbuild #gamingpc #battlestation #setup #streamer #twitch #gameplay #videogames",602,58,10594,55,133
POST_000386,ACCOUNT_025,2025-08-28T15:45:00Z,reel,Top 50 free certifications that actually helped our team land senior engineering roles in 2026. Bookmark this for your weekend upskilling! 📚💡 #career #education #learning #upskill #study #students,354,28,4116,31,38
POST_000387,ACCOUNT_035,2025-08-28T19:15:00Z,image,Resume audit: 3 common mistakes that get candidates filtered by ATS scanners and how to fix them today. #resumetips #hiring #careergoals #professional #interview,881,65,16693,57,43
POST_000388,ACCOUNT_026,2025-08-28T19:30:00Z,reel,Color palette breakdown: Harmonizing complementary warm tones with cool architectural shadows. Shot on 20mm prime lens. 🎨📸 #photography #colorgrading #cinematic #composition #design #portrait #branding #creative #art #photooftheday #visualsoflife #graphicdesign,312,32,8276,25,61
POST_000389,ACCOUNT_019,2025-08-28T20:45:00Z,reel,Hosting our monthly live Q&A session this Thursday at 18:00 UTC! What questions do you want us to answer live? Drop them below! #ama #livestream #communityfirst #engagement Save this post for your next project review! #events,525,34,2837,42,63
POST_000390,ACCOUNT_034,2025-08-28T21:00:00Z,image,Hiring our first 100 engineers taught us these critical lessons on team culture and technical alignment. What is your #1 hiring criterion? #leadership #techjobs #management Save this post for your next project review! #entrepreneur #saas #marketing #growth #strategy #startup #buildinpublic #finance #business,328,21,2621,17,14
POST_000391,ACCOUNT_031,2025-08-29T10:45:00Z,image,"Recovery is where the adaptation actually happens. Prioritize 8 hours of sleep, proper hydration, and scheduled deload weeks. #recovery #restday #wellness #mindset Which approach do you prefer in your daily workflow? #fitness #gym",240,17,3791,9,13
POST_000392,ACCOUNT_027,2025-08-29T18:45:00Z,carousel,"A calm Sunday reset routine: Decluttering the workspace, intentional meal prep, and setting 3 focus goals for the week ahead. 🌿☕ #sundayreset #mindfulness #habits #slowliving #productivity #morningroutine #selfcare",132,10,2393,15,9
POST_000393,ACCOUNT_001,2025-08-29T21:15:00Z,image,Consistency beats intensity every single time. Here is our 20-week progression breakdown for functional strength. Which goal are you chasing this season? #fitnessjourney #training #health What would you change about this setup?,637,31,11942,36,79
POST_000394,ACCOUNT_004,2025-08-30T09:30:00Z,image,"The anatomy of a high-converting landing page: Clear value proposition, visual proof, and zero distraction CTAs. Check the teardown! #growth #marketing #conversion #business #finance",2050,117,34298,118,89
POST_000395,ACCOUNT_014,2025-08-30T18:30:00Z,image,We bootstrap our SaaS to $12k MRR without outside venture capital. Here are the 4 fundamental growth loops we relied on: 📈 #saas #startups #entrepreneurship #bootstrap #finance,121,9,1052,5,5
POST_000396,ACCOUNT_008,2025-08-30T20:15:00Z,reel,Clutched the 1v4 tournament round with only 25 HP remaining! Watch the final flick shot in the last 5 seconds 🔥🎮 #gaming #esports #clutch #gamers #twitch #battlestation #gamer,869,72,16183,79,99
POST_000397,ACCOUNT_016,2025-09-01T18:00:00Z,image,"Behind the lens: Lighting setup diagram, camera settings (ISO 100, f/1.8, 1/500s), and raw color grading curve. Save for your next shoot! #phototips #behindthescenes #lighting #cameragear What is your experience with this? #cinematic #graphicdesign #portrait",338,30,4259,15,20
POST_000398,ACCOUNT_003,2025-09-01T18:30:00Z,reel,"Sunrise over the alpine peaks at 45,000 feet. The silence up here is something you never forget. Have you ever hiked in the Alps? 🏔️✨ #travel #adventure #hiking #wanderlust What would you change about this setup? #vacation #roadtrip",703,53,14045,48,183
POST_000399,ACCOUNT_018,2025-09-02T09:15:00Z,reel,Ranking every boss fight from easiest to nearly impossible. Which boss took you the most attempts? #gaminglife #bossfight #gameplay #streamer,837,92,10334,67,77
POST_000400,ACCOUNT_005,2025-09-03T19:45:00Z,reel,Top 15 free certifications that actually helped our team land senior engineering roles in 2026. Bookmark this for your weekend upskilling! 📚💡 #career #education #learning #upskill Share this with someone who is currently working on this! #study #productivity #growthmindset,257,27,5831,25,43
POST_000401,ACCOUNT_032,2025-09-06T11:15:00Z,image,Sunday slow cooking: 12-hour braised beef short ribs falling off the bone. Comfort food at its absolute finest. #slowcooking #comfortfood #dinnerideas #homechef #recipe,1944,128,45391,122,197
POST_000402,ACCOUNT_017,2025-09-07T20:00:00Z,image,Small daily habits that compound over 20 months into massive life improvements. Which habit are you building right now? #personaldevelopment #routines #mindset #balance Save this post for your next project review! #lifestyle #minimalism #productivity #morningroutine #daily,189,14,2615,14,3
POST_000403,ACCOUNT_022,2025-09-08T13:15:00Z,reel,Our secret 15-ingredient reduction sauce that elevates any weeknight pasta. Recipe instructions detailed in the caption! Which pasta shape is your favorite? #pastalover #cheflife #cooking Have you encountered this challenge recently? #foodie #tasty #delicious #baking #instafood #recipe #dinner,370,23,5622,33,44
POST_000404,ACCOUNT_006,2025-09-08T18:45:00Z,reel,"Typography rules every digital designer should know: Hierarchy, optical kerning, and vertical rhythm explained visually! #graphicdesign #typography #ui #designinspiration Which approach do you prefer in your daily workflow?",884,78,5608,75,131
POST_000405,ACCOUNT_040,2025-09-08T19:00:00Z,image,Live demo of our real-time analytics interface! Notice how seamless the inference telemetry updates. Tell us your thoughts below 🔥 #technology #uiux #analytics #innovation What is your experience with this? #developer #ai,636,46,8532,44,7
POST_000406,ACCOUNT_007,2025-09-09T12:15:00Z,image,"Desk setup tour 2026: Minimalist walnut wood, cable management under 15 minutes, and ergonomic lighting. #workspace #desksetup #minimalism #productivity",2492,234,35725,134,86
POST_000407,ACCOUNT_036,2025-09-10T10:00:00Z,image,Color palette breakdown: Harmonizing complementary warm tones with cool architectural shadows. Shot on 15mm prime lens. 🎨📸 #photography #colorgrading #cinematic #composition #visualsoflife #creative,129,8,2037,7,10
POST_000408,ACCOUNT_038,2025-09-10T11:00:00Z,reel,Clutched the 1v4 tournament round with only 100 HP remaining! Watch the final flick shot in the last 5 seconds 🔥🎮 #gaming #esports #clutch #gamers #videogames #twitch #streamer #battlestation #gamingcommunity #gamer,30,3,983,2,5
POST_000409,ACCOUNT_011,2025-09-10T12:30:00Z,carousel,Form check breakdown: Notice the hip hinge and neutral spine alignment in slide 2. Tag a gym partner who needs to see this! #fitnesstips #squats #powerlifting #coaching What would you change about this setup? #wellness #motivation #training #gym #mobility #health,173,16,4580,21,11
POST_000410,ACCOUNT_020,2025-09-10T19:30:00Z,carousel,Which IDE theme keeps you most productive during late-night build sessions? Drop your setup in the comments! 💻✨ #coding #programming #developer #techlife #ai #software #tech #startups #innovation #datascience #buildinpublic #machinelearning,120,10,1835,15,5
POST_000411,ACCOUNT_029,2025-09-10T19:30:00Z,reel,Announcing our local meetup chapters across 250 cities worldwide! Find your local group link in bio and join the community. #networking #events #globalcommunity #collaboration #volunteer,303,31,4117,24,48
POST_000412,ACCOUNT_030,2025-09-11T10:15:00Z,image,Just deployed our new CoreAI model. The latency dropped by 5ms and accuracy reached 97.2%. What benchmark should we test next? #ai #machinelearning #datascience #tech #startups #developer #coding,300,20,5637,15,27
POST_000413,ACCOUNT_033,2025-09-12T17:15:00Z,image,Hidden coastal gems you must visit in 2026! Slide 4 is an undiscovered bay with crystal-clear waters. Save this for your next itinerary! #travelguide #explore #vacation #bucketlist #wanderlust #hiking #adventure #travelgram #travel #backpacking #nature #roadtrip,175,13,7246,14,16
POST_000414,ACCOUNT_039,2025-09-13T13:00:00Z,image,Community spotlight: Highlighting the incredible work our members built during last weekend's 48-hour hackathon. Swipe to see the winners! #hackathon #creators #innovation #spotlight What is your experience with this? #networking #impact #community,178,9,2036,14,18
POST_000415,ACCOUNT_015,2025-09-13T19:00:00Z,reel,Mastering complex systems: The Feynman technique explained in 4 visual slides. How do you approach learning difficult concepts? #studygram #knowledge #productivity #growthmindset #education #students #careeradvice #upskill,100,5,1289,6,19
POST_000416,ACCOUNT_010,2025-09-15T20:15:00Z,reel,5 critical lessons we learned after refactoring our core ML pipeline. Slide 3 is the most important lesson for teams scaling to production! #startups #datascience #engineering #machinelearning #buildinpublic #developer #coding #innovation #tech #ai #software,393,45,12138,33,86
POST_000417,ACCOUNT_037,2025-09-15T20:15:00Z,carousel,Small daily habits that compound over 15 months into massive life improvements. Which habit are you building right now? #personaldevelopment #routines #mindset #balance What would you change about this setup? #wellness #productivity #selfcare #lifestyle #desksetup,612,39,8755,78,102
POST_000418,ACCOUNT_024,2025-09-16T12:00:00Z,reel,"The anatomy of a high-converting landing page: Clear value proposition, visual proof, and zero distraction CTAs. Check the teardown! #growth #marketing #conversion #business Save this post for your next project review! #strategy #saas #leadership",194,11,1723,20,24
POST_000419,ACCOUNT_035,2025-09-16T15:15:00Z,reel,"Public speaking masterclass: Overcoming imposter syndrome and delivering clear, impactful conference talks. #publicspeaking #confidence #communication #mentorship #learning #interview #careeradvice #study #productivity #growthmindset",1356,114,17218,125,150
POST_000420,ACCOUNT_009,2025-09-16T18:45:00Z,image,Hosting our monthly live Q&A session this Thursday at 18:00 UTC! What questions do you want us to answer live? Drop them below! #ama #livestream #communityfirst #engagement What is your experience with this? #volunteer,318,29,4399,18,31
POST_000421,ACCOUNT_019,2025-09-17T11:45:00Z,carousel,Volunteer weekend: Planting 12+ trees in the urban community garden. Huge thank you to everyone who showed up and made a difference! 🌱💚 #giveback #volunteering #sustainability #impact What is your experience with this? #meetup #collaboration #community #networking #hackathon #conference #creators #volunteer #events,555,52,3141,64,9
POST_000422,ACCOUNT_031,2025-09-19T09:15:00Z,image,Consistency beats intensity every single time. Here is our 10-week progression breakdown for functional strength. Which goal are you chasing this season? #fitnessjourney #training #health #fitlife #motivation #workout,306,24,3999,12,34
POST_000423,ACCOUNT_034,2025-09-19T18:45:00Z,image,We bootstrap our SaaS to $50k MRR without outside venture capital. Here are the 4 fundamental growth loops we relied on: 📈 #saas #startups #entrepreneurship #bootstrap #finance #marketing #buildinpublic,250,15,2528,12,28
POST_000424,ACCOUNT_023,2025-09-19T19:00:00Z,image,"Sunrise over the alpine peaks at 12,000 feet. The silence up here is something you never forget. Have you ever hiked in the Alps? 🏔️✨ #travel #adventure #hiking #wanderlust #explore #backpacking #travelgram #roadtrip",539,32,8230,37,32
POST_000425,ACCOUNT_028,2025-09-19T19:00:00Z,reel,Top 5 indie game gems released this quarter that deserve way more attention. Slide 3 is a masterpiece! #indiegames #gamedev #gamingcommunity #pcgaming #esports #gaming #battlestation #gameplay #twitch #gamer #streamer #videogames,594,32,10399,54,66
POST_000426,ACCOUNT_013,2025-09-19T21:00:00Z,carousel,Hidden coastal gems you must visit in 2026! Slide 4 is an undiscovered bay with crystal-clear waters. Save this for your next itinerary! #travelguide #explore #vacation #bucketlist #adventure #travel #backpacking #roadtrip #nature,598,58,9494,86,20
POST_000427,ACCOUNT_021,2025-09-20T19:15:00Z,carousel,Form check breakdown: Notice the hip hinge and neutral spine alignment in slide 2. Tag a gym partner who needs to see this! #fitnesstips #squats #powerlifting #coaching Save this post for your next project review! #motivation #training #workout #wellness #mobility #health #fitlife #strength #gym #fitness,3228,328,31081,391,446
POST_000428,ACCOUNT_002,2025-09-21T09:30:00Z,carousel,Street food tour through the night market: From artisan dumplings to spicy skewers! Which dish would you try first? 🍜🔥 #streetfood #foodtravel #culinary #tastetest Which approach do you prefer in your daily workflow? #baking #delicious #dinner #foodie,338,29,6116,67,4
POST_000429,ACCOUNT_012,2025-09-21T12:15:00Z,reel,Our secret 500-ingredient reduction sauce that elevates any weeknight pasta. Recipe instructions detailed in the caption! Which pasta shape is your favorite? #pastalover #cheflife #cooking #homemade #instafood #delicious #dinner #foodie,230,15,4485,19,61
POST_000430,ACCOUNT_016,2025-09-21T16:45:00Z,reel,Color palette breakdown: Harmonizing complementary warm tones with cool architectural shadows. Shot on 10mm prime lens. 🎨📸 #photography #colorgrading #cinematic #composition #visualsoflife #graphicdesign #design #branding,220,23,4096,16,39
POST_000431,ACCOUNT_025,2025-09-21T17:30:00Z,carousel,Top 25 free certifications that actually helped our team land senior engineering roles in 2026. Bookmark this for your weekend upskilling! 📚💡 #career #education #learning #upskill Drop your thoughts in the comments below! 🔥 #growthmindset #productivity #interview #students #study,619,59,4074,113,8
POST_000432,ACCOUNT_001,2025-09-21T19:45:00Z,reel,Consistency beats intensity every single time. Here is our 10-week progression breakdown for functional strength. Which goal are you chasing this season? #fitnessjourney #training #health #fitness #wellness #motivation #fitlife #workout #mobility #gym #strength,1439,110,12550,142,139
POST_000433,ACCOUNT_027,2025-09-21T19:45:00Z,reel,"A calm Sunday reset routine: Decluttering the workspace, intentional meal prep, and setting 3 focus goals for the week ahead. 🌿☕ #sundayreset #mindfulness #habits #slowliving What would you change about this setup? #daily",120,8,2397,9,15
POST_000434,ACCOUNT_014,2025-09-22T19:30:00Z,image,We bootstrap our SaaS to $30k MRR without outside venture capital. Here are the 4 fundamental growth loops we relied on: 📈 #saas #startups #entrepreneurship #bootstrap,61,4,1056,5,6
POST_000435,ACCOUNT_026,2025-09-24T10:15:00Z,reel,Color palette breakdown: Harmonizing complementary warm tones with cool architectural shadows. Shot on 7mm prime lens. 🎨📸 #photography #colorgrading #cinematic #composition Which approach do you prefer in your daily workflow? #branding #photooftheday #visualsoflife,240,28,7744,14,55
POST_000436,ACCOUNT_008,2025-09-24T16:45:00Z,reel,Ranking every boss fight from easiest to nearly impossible. Which boss took you the most attempts? #gaminglife #bossfight #gameplay #streamer Have you encountered this challenge recently?,900,89,15013,70,82
POST_000437,ACCOUNT_004,2025-09-25T10:00:00Z,carousel,We bootstrap our SaaS to $12k MRR without outside venture capital. Here are the 4 fundamental growth loops we relied on: 📈 #saas #startups #entrepreneurship #bootstrap #buildinpublic #startup #strategy #entrepreneur #business #leadership #finance #marketing #growth,5065,446,32959,823,63
POST_000438,ACCOUNT_018,2025-09-27T19:15:00Z,image,"Custom PC build complete: Liquid cooling, cable combs, and clean ambient RGB lighting. Rate this battlestation from 1 to 10! 🕹️⚡ #pcbuild #gamingpc #battlestation #setup #gamer #gamingcommunity #gaming #pcgaming",954,79,9784,57,45
POST_000439,ACCOUNT_005,2025-09-28T17:45:00Z,carousel,How to structure your technical portfolio when you have zero formal industry experience: A step-by-step breakdown. Tag a student who needs this! #careeradvice #jobsearch #interviewprep #career #productivity #education #learning #growthmindset #upskill #study,512,49,6113,96,37
POST_000440,ACCOUNT_003,2025-09-28T18:30:00Z,carousel,"Sunrise over the alpine peaks at 7,000 feet. The silence up here is something you never forget. Have you ever hiked in the Alps? 🏔️✨ #travel #adventure #hiking #wanderlust #vacation #nature",485,43,13837,55,78
POST_000441,ACCOUNT_020,2025-09-29T14:30:00Z,carousel,Which IDE theme keeps you most productive during late-night build sessions? Drop your setup in the comments! 💻✨ #coding #programming #developer #techlife Drop your thoughts in the comments below! 🔥 #startups #machinelearning #tech #buildinpublic #datascience,61,4,1839,12,1
POST_000442,ACCOUNT_036,2025-09-29T15:30:00Z,image,Redesigning iconic brand identities using modern brutalist aesthetic principles. Swipe to see the before and after! #branding #logo #designprocess #creative Save this post for your next project review! #photography,129,8,2101,7,9
POST_000443,ACCOUNT_007,2025-09-30T12:30:00Z,reel,"Desk setup tour 2026: Minimalist walnut wood, cable management under 15 minutes, and ergonomic lighting. #workspace #desksetup #minimalism #productivity #wellness #selfcare",1070,110,37571,108,78
POST_000444,ACCOUNT_032,2025-09-30T14:45:00Z,image,Plating masterclass: 3 simple composition techniques that make home cooking look restaurant-grade. Swipe through the steps! #gourmet #foodstyling #cheftips #presentation #delicious #cooking #baking #chef #homemade #tasty,3978,394,47997,193,375
POST_000445,ACCOUNT_030,2025-09-30T17:00:00Z,reel,5 critical lessons we learned after refactoring our core ML pipeline. Slide 3 is the most important lesson for teams scaling to production! #startups #datascience #engineering Link in bio for the complete step-by-step breakdown. #innovation #ai #machinelearning #developer #buildinpublic,526,61,5578,38,59
POST_000446,ACCOUNT_038,2025-09-30T18:30:00Z,reel,Game design breakdown: Why this opening level is a masterclass in non-verbal player tutorials. #gamedesign #storytelling #videogames #analysis Drop your thoughts in the comments below! 🔥 #battlestation #streamer #gameplay #twitch #esports #gamer #pcgaming #gamingcommunity #gaming,121,12,1034,13,17
POST_000447,ACCOUNT_006,2025-10-01T18:00:00Z,reel,"Typography rules every digital designer should know: Hierarchy, optical kerning, and vertical rhythm explained visually! #graphicdesign #typography #ui #designinspiration #branding #art #design",407,39,5596,31,47
POST_000448,ACCOUNT_039,2025-10-02T09:45:00Z,carousel,Announcing our local meetup chapters across 15 cities worldwide! Find your local group link in bio and join the community. #networking #events #globalcommunity #collaboration #creators #community #conference,184,10,2052,27,5
POST_000449,ACCOUNT_033,2025-10-02T10:45:00Z,reel,"Sunrise over the alpine peaks at 20,000 feet. The silence up here is something you never forget. Have you ever hiked in the Alps? 🏔️✨ #travel #adventure #hiking #wanderlust #backpacking #travelgram #nature #roadtrip",343,38,6953,35,72
POST_000450,ACCOUNT_015,2025-10-03T12:15:00Z,carousel,"Public speaking masterclass: Overcoming imposter syndrome and delivering clear, impactful conference talks. #publicspeaking #confidence #communication #mentorship #growthmindset #learning #study #career #careeradvice #interview #students #upskill",93,7,1281,12,14
POST_000451,ACCOUNT_040,2025-10-03T17:45:00Z,reel,5 critical lessons we learned after refactoring our core ML pipeline. Slide 3 is the most important lesson for teams scaling to production! #startups #datascience #engineering #coding,268,30,8890,29,44
POST_000452,ACCOUNT_017,2025-10-04T14:45:00Z,image,"Reflecting on the month: 3 things I am grateful for, 2 challenges navigated, and 1 big priority for next month. #journaling #reflection #gratitude #mindfulliving What is your experience with this?",193,15,2802,12,18
POST_000453,ACCOUNT_022,2025-10-05T08:15:00Z,image,Plating masterclass: 3 simple composition techniques that make home cooking look restaurant-grade. Swipe through the steps! #gourmet #foodstyling #cheftips #presentation Have you encountered this challenge recently? #instafood #baking #cooking,406,36,5532,22,38
POST_000454,ACCOUNT_029,2025-10-05T22:15:00Z,reel,Community spotlight: Highlighting the incredible work our members built during last weekend's 48-hour hackathon. Swipe to see the winners! #hackathon #creators #innovation #spotlight #volunteer #conference #collaboration #networking #impact,383,31,4038,22,51
POST_000455,ACCOUNT_011,2025-10-06T10:00:00Z,reel,Consistency beats intensity every single time. Here is our 10-week progression breakdown for functional strength. Which goal are you chasing this season? #fitnessjourney #training #health What is your experience with this? #fitness,213,24,4515,15,45
POST_000456,ACCOUNT_035,2025-10-09T10:30:00Z,carousel,"Public speaking masterclass: Overcoming imposter syndrome and delivering clear, impactful conference talks. #publicspeaking #confidence #communication #mentorship Share this with someone who is currently working on this! #careeradvice #interview #study #career #growthmindset #upskill",946,81,16662,113,120
POST_000457,ACCOUNT_009,2025-10-09T10:45:00Z,image,Volunteer weekend: Planting 20+ trees in the urban community garden. Huge thank you to everyone who showed up and made a difference! 🌱💚 #giveback #volunteering #sustainability #impact Which approach do you prefer in your daily workflow? #networking #meetup #collaboration #creators #hackathon #events #volunteer #conference #community,121,6,4564,8,14
POST_000458,ACCOUNT_010,2025-10-09T15:30:00Z,carousel,Which IDE theme keeps you most productive during late-night build sessions? Drop your setup in the comments! 💻✨ #coding #programming #developer #techlife Drop your thoughts in the comments below! 🔥 #machinelearning #startups #buildinpublic #innovation #software #datascience #ai #tech,601,35,12864,72,60
POST_000459,ACCOUNT_001,2025-10-10T10:30:00Z,carousel,"High-protein pre-workout meal prep under 10 minutes! Simple ingredients, zero complicated steps. Recipe listed below 🥗💪 #nutrition #mealprep #cleaneating #fitlife Share this with someone who is currently working on this! #gym #health #motivation #fitness #wellness",797,83,12201,166,10
POST_000460,ACCOUNT_013,2025-10-10T10:30:00Z,reel,Road trip diary: 25 miles along the coastal highway with nothing but good music and endless ocean views. Who would you take on this drive? 🚗🌊 #roadtrip #scenic #coastal #escape,799,80,9722,68,105
POST_000461,ACCOUNT_037,2025-10-11T21:45:00Z,reel,Small daily habits that compound over 12 months into massive life improvements. Which habit are you building right now? #personaldevelopment #routines #mindset #balance #desksetup,568,36,8852,41,163
POST_000462,ACCOUNT_034,2025-10-12T12:00:00Z,image,We bootstrap our SaaS to $500k MRR without outside venture capital. Here are the 4 fundamental growth loops we relied on: 📈 #saas #startups #entrepreneurship #bootstrap,183,17,2593,11,18
POST_000463,ACCOUNT_031,2025-10-12T17:45:00Z,image,Form check breakdown: Notice the hip hinge and neutral spine alignment in slide 2. Tag a gym partner who needs to see this! #fitnesstips #squats #powerlifting #coaching Link in bio for the complete step-by-step breakdown. #wellness #mobility #health #fitlife #training #workout #motivation #fitness #gym #strength,153,15,4265,12,10
POST_000464,ACCOUNT_002,2025-10-12T18:30:00Z,image,Plating masterclass: 3 simple composition techniques that make home cooking look restaurant-grade. Swipe through the steps! #gourmet #foodstyling #cheftips #presentation Link in bio for the complete step-by-step breakdown. #instafood #baking #tasty #delicious,376,24,6661,18,33
POST_000465,ACCOUNT_024,2025-10-12T21:00:00Z,image,Product roadmap meeting: Deciding what NOT to build is often 10x more important than adding new features. How does your team prioritize? #productmanagement #strategy #founder Share this with someone who is currently working on this! #startup #business #leadership #entrepreneur #growth #buildinpublic #marketing #saas #finance,78,4,1775,4,8
POST_000466,ACCOUNT_014,2025-10-13T11:15:00Z,reel,Hiring our first 250 engineers taught us these critical lessons on team culture and technical alignment. What is your #1 hiring criterion? #leadership #techjobs #management #finance #buildinpublic #startup #saas #business #growth #marketing #entrepreneur #strategy,60,5,1075,7,12
POST_000467,ACCOUNT_019,2025-10-14T20:00:00Z,image,"Recap from our annual creator summit! Over 7 developers and founders gathered in person to share ideas, build prototypes, and collaborate. 🤝✨ #community #meetup #networking #conference #impact",161,9,3034,8,21
POST_000468,ACCOUNT_023,2025-10-14T21:45:00Z,image,Packing light for a 5-day expedition: Everything fits into a single 35L backpack. Here is our essential gear checklist! #solotravel #backpacking #traveltips #gear #explore #travelgram #hiking #travel #adventure #wanderlust #nature #roadtrip #vacation,491,23,7880,36,11
POST_000469,ACCOUNT_028,2025-10-15T17:00:00Z,reel,Top 5 indie game gems released this quarter that deserve way more attention. Slide 3 is a masterpiece! #indiegames #gamedev #gamingcommunity #pcgaming #gamer #videogames #battlestation #twitch,546,35,11197,47,62
POST_000470,ACCOUNT_012,2025-10-15T18:00:00Z,image,Plating masterclass: 3 simple composition techniques that make home cooking look restaurant-grade. Swipe through the steps! #gourmet #foodstyling #cheftips #presentation What is your experience with this? #instafood #tasty #dinner #chef,295,28,4812,16,11
POST_000471,ACCOUNT_025,2025-10-16T09:45:00Z,carousel,"Public speaking masterclass: Overcoming imposter syndrome and delivering clear, impactful conference talks. #publicspeaking #confidence #communication #mentorship Which approach do you prefer in your daily workflow? #careeradvice #interview #education #study #upskill",439,42,4389,73,6
POST_000472,ACCOUNT_018,2025-10-16T19:00:00Z,image,"Custom PC build complete: Liquid cooling, cable combs, and clean ambient RGB lighting. Rate this battlestation from 1 to 10! 🕹️⚡ #pcbuild #gamingpc #battlestation #setup #gaming",569,42,10440,27,64
POST_000473,ACCOUNT_008,2025-10-16T19:30:00Z,image,"Custom PC build complete: Liquid cooling, cable combs, and clean ambient RGB lighting. Rate this battlestation from 1 to 10! 🕹️⚡ #pcbuild #gamingpc #battlestation #setup #esports #gamer #gaming #twitch",872,63,14953,49,52
POST_000474,ACCOUNT_021,2025-10-17T08:45:00Z,carousel,Consistency beats intensity every single time. Here is our 50-week progression breakdown for functional strength. Which goal are you chasing this season? #fitnessjourney #training #health #fitness,2875,307,33670,440,253
POST_000475,ACCOUNT_007,2025-10-18T09:15:00Z,image,"A calm Sunday reset routine: Decluttering the workspace, intentional meal prep, and setting 3 focus goals for the week ahead. 🌿☕ #sundayreset #mindfulness #habits #slowliving Drop your thoughts in the comments below! 🔥 #productivity",4860,241,36240,315,469
POST_000476,ACCOUNT_036,2025-10-18T10:00:00Z,image,Golden hour portrait session in the downtown district. Slide 2 vs Slide 3: Which lighting setup do you prefer? Tell us below! #portraitphotography #goldenhour #visualart #creator #branding #creative #graphicdesign,218,19,2170,12,3
POST_000477,ACCOUNT_027,2025-10-18T15:15:00Z,image,Designing a morning routine that you actually look forward to waking up for. What is the very first thing you do in the morning? #morningroutine #selfcare #wellness #lifestyle #productivity #habits #mindfulness,150,11,2462,6,11
POST_000478,ACCOUNT_016,2025-10-18T19:15:00Z,image,Redesigning iconic brand identities using modern brutalist aesthetic principles. Swipe to see the before and after! #branding #logo #designprocess #creative #cinematic #photography #photooftheday #design #visualsoflife #portrait #art #graphicdesign,138,9,4278,5,13
POST_000479,ACCOUNT_030,2025-10-20T12:00:00Z,reel,Just deployed our new NexusML model. The latency dropped by 10ms and accuracy reached 88.5%. What benchmark should we test next? #ai #machinelearning #datascience #tech #buildinpublic,220,17,5879,19,42
POST_000480,ACCOUNT_026,2025-10-20T16:45:00Z,image,"Typography rules every digital designer should know: Hierarchy, optical kerning, and vertical rhythm explained visually! #graphicdesign #typography #ui #designinspiration What would you change about this setup? #branding #photography #creative #photooftheday",459,36,8511,29,25
POST_000481,ACCOUNT_004,2025-10-20T21:00:00Z,reel,We bootstrap our SaaS to $30k MRR without outside venture capital. Here are the 4 fundamental growth loops we relied on: 📈 #saas #startups #entrepreneurship #bootstrap Have you encountered this challenge recently? #marketing #finance #growth,1852,164,32494,109,301
POST_000482,ACCOUNT_038,2025-10-21T11:30:00Z,carousel,Game design breakdown: Why this opening level is a masterclass in non-verbal player tutorials. #gamedesign #storytelling #videogames #analysis #gaming,34,2,1085,5,5
POST_000483,ACCOUNT_033,2025-10-21T14:00:00Z,reel,"Sunrise over the alpine peaks at 100,000 feet. The silence up here is something you never forget. Have you ever hiked in the Alps? 🏔️✨ #travel #adventure #hiking #wanderlust #backpacking",488,53,7589,46,75
POST_000484,ACCOUNT_005,2025-10-22T21:00:00Z,carousel,How to structure your technical portfolio when you have zero formal industry experience: A step-by-step breakdown. Tag a student who needs this! #careeradvice #jobsearch #interviewprep #productivity #interview #upskill #career #study #learning #growthmindset,232,17,5923,47,14
POST_000485,ACCOUNT_003,2025-10-23T14:30:00Z,image,Packing light for a 100-day expedition: Everything fits into a single 35L backpack. Here is our essential gear checklist! #solotravel #backpacking #traveltips #gear #travel,493,43,14484,19,52
POST_000486,ACCOUNT_029,2025-10-24T19:45:00Z,image,Community spotlight: Highlighting the incredible work our members built during last weekend's 48-hour hackathon. Swipe to see the winners! #hackathon #creators #innovation #spotlight Drop your thoughts in the comments below! 🔥 #volunteer #meetup,267,16,4199,12,23
POST_000487,ACCOUNT_039,2025-10-25T13:30:00Z,image,Hosting our monthly live Q&A session this Thursday at 18:00 UTC! What questions do you want us to answer live? Drop them below! #ama #livestream #communityfirst #engagement #networking #hackathon #volunteer #conference #events #impact,154,10,1940,9,8
POST_000488,ACCOUNT_015,2025-10-25T21:15:00Z,reel,Top 25 free certifications that actually helped our team land senior engineering roles in 2026. Bookmark this for your weekend upskilling! 📚💡 #career #education #learning #upskill,86,11,1387,6,18
POST_000489,ACCOUNT_032,2025-10-26T19:45:00Z,reel,Street food tour through the night market: From artisan dumplings to spicy skewers! Which dish would you try first? 🍜🔥 #streetfood #foodtravel #culinary #tastetest,2102,113,48318,153,452
POST_000490,ACCOUNT_020,2025-10-26T22:00:00Z,reel,5 critical lessons we learned after refactoring our core ML pipeline. Slide 3 is the most important lesson for teams scaling to production! #startups #datascience #engineering #software #buildinpublic #coding #ai #innovation #tech #developer #machinelearning,54,5,1723,4,12
POST_000491,ACCOUNT_006,2025-10-27T16:00:00Z,image,Redesigning iconic brand identities using modern brutalist aesthetic principles. Swipe to see the before and after! #branding #logo #designprocess #creative #photooftheday #cinematic #portrait #photography,252,21,5937,10,7
POST_000492,ACCOUNT_040,2025-10-28T19:45:00Z,carousel,Which IDE theme keeps you most productive during late-night build sessions? Drop your setup in the comments! 💻✨ #coding #programming #developer #techlife #innovation #datascience #machinelearning #ai #buildinpublic #startups #tech,939,56,8680,182,107
POST_000493,ACCOUNT_011,2025-10-29T17:30:00Z,reel,Consistency beats intensity every single time. Here is our 100-week progression breakdown for functional strength. Which goal are you chasing this season? #fitnessjourney #training #health Have you encountered this challenge recently? #fitlife #gym #fitness #wellness #motivation #workout #mobility #strength,319,35,4545,28,56
POST_000494,ACCOUNT_017,2025-10-31T10:30:00Z,image,"Reflecting on the month: 3 things I am grateful for, 2 challenges navigated, and 1 big priority for next month. #journaling #reflection #gratitude #mindfulliving #wellness #mindfulness #lifestyle #daily #morningroutine #productivity #minimalism #desksetup #habits #selfcare",131,7,2750,6,17
POST_000495,ACCOUNT_002,2025-10-31T20:00:00Z,reel,Our secret 25-ingredient reduction sauce that elevates any weeknight pasta. Recipe instructions detailed in the caption! Which pasta shape is your favorite? #pastalover #cheflife #cooking Share this with someone who is currently working on this! #baking #dinner,392,33,6130,22,66
POST_000496,ACCOUNT_034,2025-11-01T10:45:00Z,reel,"Year 2 financial review: Unit economics, churn metrics, and customer acquisition payback periods openly documented. Read our full transparent memo in bio! #buildinpublic #finance #transparency #business #startup #leadership #growth",326,33,2563,20,82
POST_000498,ACCOUNT_022,2025-11-01T19:30:00Z,image,Street food tour through the night market: From artisan dumplings to spicy skewers! Which dish would you try first? 🍜🔥 #streetfood #foodtravel #culinary #tastetest Share this with someone who is currently working on this! #baking #tasty #recipe #cooking #homemade #chef #foodie #delicious #instafood #dinner,339,18,5921,20,21
POST_000497,ACCOUNT_009,2025-11-01T19:30:00Z,reel,Community spotlight: Highlighting the incredible work our members built during last weekend's 48-hour hackathon. Swipe to see the winners! #hackathon #creators #innovation #spotlight #meetup #networking,395,27,4624,23,73
POST_000499,ACCOUNT_035,2025-11-02T10:00:00Z,reel,Top 3 free certifications that actually helped our team land senior engineering roles in 2026. Bookmark this for your weekend upskilling! 📚💡 #career #education #learning #upskill Drop your thoughts in the comments below! 🔥 #productivity,781,45,16006,52,100
POST_000500,ACCOUNT_019,2025-11-02T13:30:00Z,image,Announcing our local meetup chapters across 25 cities worldwide! Find your local group link in bio and join the community. #networking #events #globalcommunity #collaboration #impact #conference #volunteer #community,412,20,3217,15,36
POST_000501,ACCOUNT_013,2025-11-02T16:15:00Z,reel,Hidden coastal gems you must visit in 2026! Slide 4 is an undiscovered bay with crystal-clear waters. Save this for your next itinerary! #travelguide #explore #vacation #bucketlist #roadtrip #backpacking #nature #wanderlust #adventure #travel #hiking #travelgram,713,57,8962,42,83
POST_000502,ACCOUNT_001,2025-11-02T21:00:00Z,image,Consistency beats intensity every single time. Here is our 15-week progression breakdown for functional strength. Which goal are you chasing this season? #fitnessjourney #training #health Share this with someone who is currently working on this! #fitness #strength #wellness #motivation #workout #gym #mobility #fitlife,795,45,11540,51,36
POST_000503,ACCOUNT_024,2025-11-03T09:00:00Z,carousel,"Year 2 financial review: Unit economics, churn metrics, and customer acquisition payback periods openly documented. Read our full transparent memo in bio! #buildinpublic #finance #transparency",82,8,1752,11,10
POST_000504,ACCOUNT_010,2025-11-03T09:30:00Z,image,Deep dive into our engineering architecture: How we handle 15k concurrent data streams with zero downtime. Check the breakdown in our bio link! #softwareengineering #cloud #devops Share this with someone who is currently working on this! #developer #buildinpublic #machinelearning #innovation #startups #datascience,563,36,13288,24,19
POST_000505,ACCOUNT_014,2025-11-03T13:00:00Z,reel,Hiring our first 7 engineers taught us these critical lessons on team culture and technical alignment. What is your #1 hiring criterion? #leadership #techjobs #management Which approach do you prefer in your daily workflow? #entrepreneur #buildinpublic #business,96,10,1099,6,17
POST_000506,ACCOUNT_023,2025-11-06T09:45:00Z,carousel,Wandering through the historic cobblestone alleys of the old town. Every corner has centuries of stories. #heritage #architecture #wanderer #culture #travelgram Save this post for your next project review! #explore #nature #adventure,475,25,7713,85,19
POST_000507,ACCOUNT_031,2025-11-06T13:00:00Z,reel,"High-protein pre-workout meal prep under 25 minutes! Simple ingredients, zero complicated steps. Recipe listed below 🥗💪 #nutrition #mealprep #cleaneating #fitlife What would you change about this setup? #gym",278,16,3868,19,71
POST_000508,ACCOUNT_016,2025-11-06T22:30:00Z,image,Redesigning iconic brand identities using modern brutalist aesthetic principles. Swipe to see the before and after! #branding #logo #designprocess #creative #cinematic #photography,359,27,4463,29,22
POST_000509,ACCOUNT_025,2025-11-07T16:30:00Z,image,Resume audit: 3 common mistakes that get candidates filtered by ATS scanners and how to fix them today. #resumetips #hiring #careergoals #professional Have you encountered this challenge recently? #growthmindset #education #study #productivity #career #careeradvice,203,18,4110,11,19
POST_000510,ACCOUNT_037,2025-11-07T17:45:00Z,image,"A calm Sunday reset routine: Decluttering the workspace, intentional meal prep, and setting 3 focus goals for the week ahead. 🌿☕ #sundayreset #mindfulness #habits #slowliving What would you change about this setup? #desksetup #minimalism #morningroutine #daily #productivity #lifestyle #selfcare #wellness",778,45,9725,32,35
POST_000511,ACCOUNT_018,2025-11-07T18:45:00Z,reel,"Custom PC build complete: Liquid cooling, cable combs, and clean ambient RGB lighting. Rate this battlestation from 1 to 10! 🕹️⚡ #pcbuild #gamingpc #battlestation #setup",405,29,10087,22,74
POST_000512,ACCOUNT_028,2025-11-07T20:30:00Z,image,Top 20 indie game gems released this quarter that deserve way more attention. Slide 3 is a masterpiece! #indiegames #gamedev #gamingcommunity #pcgaming Link in bio for the complete step-by-step breakdown.,576,45,11408,39,49
POST_000513,ACCOUNT_026,2025-11-08T19:30:00Z,reel,Redesigning iconic brand identities using modern brutalist aesthetic principles. Swipe to see the before and after! #branding #logo #designprocess #creative #portrait #visualsoflife #photooftheday #design #graphicdesign #cinematic #art #photography,654,72,8445,44,151
POST_000514,ACCOUNT_012,2025-11-09T18:30:00Z,reel,Sunday slow cooking: 12-hour braised beef short ribs falling off the bone. Comfort food at its absolute finest. #slowcooking #comfortfood #dinnerideas #homechef #baking,555,32,4568,45,76
POST_000515,ACCOUNT_021,2025-11-11T14:15:00Z,image,"Recovery is where the adaptation actually happens. Prioritize 8 hours of sleep, proper hydration, and scheduled deload weeks. #recovery #restday #wellness #mindset Share this with someone who is currently working on this! #strength #workout #fitlife",3481,307,32366,198,217
POST_000516,ACCOUNT_008,2025-11-11T19:15:00Z,image,Ranking every boss fight from easiest to nearly impossible. Which boss took you the most attempts? #gaminglife #bossfight #gameplay #streamer #videogames #gaming,565,31,16390,30,41
POST_000517,ACCOUNT_038,2025-11-12T11:45:00Z,reel,"Custom PC build complete: Liquid cooling, cable combs, and clean ambient RGB lighting. Rate this battlestation from 1 to 10! 🕹️⚡ #pcbuild #gamingpc #battlestation #setup #pcgaming #gameplay #videogames #esports #gamer #gaming #gamingcommunity",77,8,1064,6,12
POST_000518,ACCOUNT_036,2025-11-12T20:00:00Z,carousel,Golden hour portrait session in the downtown district. Slide 2 vs Slide 3: Which lighting setup do you prefer? Tell us below! #portraitphotography #goldenhour #visualart #creator Which approach do you prefer in your daily workflow? #photography #branding #visualsoflife #graphicdesign #art #cinematic #portrait #photooftheday,240,22,2135,44,3
POST_000519,ACCOUNT_027,2025-11-14T15:00:00Z,carousel,Designing a morning routine that you actually look forward to waking up for. What is the very first thing you do in the morning? #morningroutine #selfcare #wellness #lifestyle #habits #desksetup,128,12,2359,16,2
POST_000520,ACCOUNT_033,2025-11-14T15:00:00Z,reel,Road trip diary: 50 miles along the coastal highway with nothing but good music and endless ocean views. Who would you take on this drive? 🚗🌊 #roadtrip #scenic #coastal #escape Drop your thoughts in the comments below! 🔥,549,49,7502,44,60
POST_000521,ACCOUNT_007,2025-11-14T21:30:00Z,reel,Small daily habits that compound over 45 months into massive life improvements. Which habit are you building right now? #personaldevelopment #routines #mindset #balance Drop your thoughts in the comments below! 🔥 #desksetup #minimalism,3840,245,38461,395,540
POST_000522,ACCOUNT_039,2025-11-15T20:00:00Z,image,"Recap from our annual creator summit! Over 12 developers and founders gathered in person to share ideas, build prototypes, and collaborate. 🤝✨ #community #meetup #networking #conference What would you change about this setup? #impact",168,10,1883,7,11
POST_000523,ACCOUNT_004,2025-11-16T11:15:00Z,carousel,Hiring our first 50 engineers taught us these critical lessons on team culture and technical alignment. What is your #1 hiring criterion? #leadership #techjobs #management #buildinpublic #business #finance #strategy #saas,1441,125,33212,179,23
POST_000524,ACCOUNT_020,2025-11-16T18:15:00Z,reel,Which IDE theme keeps you most productive during late-night build sessions? Drop your setup in the comments! 💻✨ #coding #programming #developer #techlife #startups #software #ai #buildinpublic #tech #innovation,91,11,1799,10,14
POST_000525,ACCOUNT_030,2025-11-16T20:15:00Z,image,Live demo of our real-time analytics interface! Notice how seamless the inference telemetry updates. Tell us your thoughts below 🔥 #technology #uiux #analytics #innovation,482,34,5575,33,25
POST_000526,ACCOUNT_011,2025-11-17T15:30:00Z,reel,"High-protein pre-workout meal prep under 500 minutes! Simple ingredients, zero complicated steps. Recipe listed below 🥗💪 #nutrition #mealprep #cleaneating #fitlife Link in bio for the complete step-by-step breakdown. #mobility #strength #workout",400,23,4405,25,78
POST_000527,ACCOUNT_003,2025-11-17T18:45:00Z,carousel,Packing light for a 10-day expedition: Everything fits into a single 35L backpack. Here is our essential gear checklist! #solotravel #backpacking #traveltips #gear What would you change about this setup? #travelgram,678,46,13435,86,68
POST_000528,ACCOUNT_005,2025-11-17T21:30:00Z,reel,Mastering complex systems: The Feynman technique explained in 4 visual slides. How do you approach learning difficult concepts? #studygram #knowledge #productivity #growthmindset #education #study,631,58,5903,57,89
POST_000529,ACCOUNT_032,2025-11-19T19:00:00Z,reel,Street food tour through the night market: From artisan dumplings to spicy skewers! Which dish would you try first? 🍜🔥 #streetfood #foodtravel #culinary #tastetest What is your experience with this? #instafood #recipe #cooking #delicious #dinner #chef #tasty #foodie #homemade #baking,3875,219,51002,231,893
POST_000530,ACCOUNT_006,2025-11-19T20:45:00Z,reel,"Typography rules every digital designer should know: Hierarchy, optical kerning, and vertical rhythm explained visually! #graphicdesign #typography #ui #designinspiration #portrait #cinematic #branding #art",557,30,6317,47,83
POST_000531,ACCOUNT_029,2025-11-20T11:45:00Z,image,Announcing our local meetup chapters across 100 cities worldwide! Find your local group link in bio and join the community. #networking #events #globalcommunity #collaboration Drop your thoughts in the comments below! 🔥 #community #conference #volunteer #meetup #impact,383,36,4109,29,19
POST_000532,ACCOUNT_002,2025-11-20T14:45:00Z,image,Street food tour through the night market: From artisan dumplings to spicy skewers! Which dish would you try first? 🍜🔥 #streetfood #foodtravel #culinary #tastetest,211,20,6390,12,13
POST_000533,ACCOUNT_009,2025-11-20T16:00:00Z,carousel,Hosting our monthly live Q&A session this Thursday at 18:00 UTC! What questions do you want us to answer live? Drop them below! #ama #livestream #communityfirst #engagement What would you change about this setup? #conference #meetup #networking #community #impact,289,22,4747,50,23
POST_000534,ACCOUNT_001,2025-11-21T18:30:00Z,carousel,Morning mobility routine: 3 minutes to unlock hip flexors and lower back tension before lifting. Save this routine for your next leg day! 🏋️‍♂️🔥 #fitness #mobility #workout #strength Have you encountered this challenge recently? #fitlife,1751,138,11917,197,129
POST_000535,ACCOUNT_015,2025-11-21T19:45:00Z,image,Resume audit: 3 common mistakes that get candidates filtered by ATS scanners and how to fix them today. #resumetips #hiring #careergoals #professional Have you encountered this challenge recently? #growthmindset #upskill #learning #productivity,82,6,1348,7,1
POST_000536,ACCOUNT_019,2025-11-24T18:15:00Z,reel,Announcing our local meetup chapters across 15 cities worldwide! Find your local group link in bio and join the community. #networking #events #globalcommunity #collaboration #impact #hackathon #meetup #volunteer,208,18,2888,19,42
POST_000537,ACCOUNT_040,2025-11-24T19:30:00Z,image,Deep dive into our engineering architecture: How we handle 10k concurrent data streams with zero downtime. Check the breakdown in our bio link! #softwareengineering #cloud #devops What is your experience with this? #machinelearning,999,66,8911,83,43
POST_000538,ACCOUNT_022,2025-11-26T11:00:00Z,reel,Our secret 20-ingredient reduction sauce that elevates any weeknight pasta. Recipe instructions detailed in the caption! Which pasta shape is your favorite? #pastalover #cheflife #cooking #tasty #instafood #baking #homemade #dinner #chef #recipe #delicious #foodie,306,23,5770,26,51
POST_000539,ACCOUNT_013,2025-11-26T11:30:00Z,image,Packing light for a 45-day expedition: Everything fits into a single 35L backpack. Here is our essential gear checklist! #solotravel #backpacking #traveltips #gear #travel,218,12,9772,15,4
POST_000540,ACCOUNT_035,2025-11-26T17:15:00Z,image,Resume audit: 3 common mistakes that get candidates filtered by ATS scanners and how to fix them today. #resumetips #hiring #careergoals #professional #study #interview #upskill #productivity,645,61,16633,38,18
POST_000541,ACCOUNT_010,2025-11-26T19:00:00Z,reel,Deep dive into our engineering architecture: How we handle 7k concurrent data streams with zero downtime. Check the breakdown in our bio link! #softwareengineering #cloud #devops What would you change about this setup? #tech #startups #datascience #developer #innovation #machinelearning #coding #software #buildinpublic #ai,514,37,12047,36,116
POST_000542,ACCOUNT_017,2025-11-26T19:30:00Z,reel,"Reflecting on the month: 3 things I am grateful for, 2 challenges navigated, and 1 big priority for next month. #journaling #reflection #gratitude #mindfulliving What would you change about this setup?",204,23,2713,18,27
POST_000543,ACCOUNT_034,2025-11-26T20:15:00Z,image,"Year 2 financial review: Unit economics, churn metrics, and customer acquisition payback periods openly documented. Read our full transparent memo in bio! #buildinpublic #finance #transparency",369,21,2717,18,22
POST_000544,ACCOUNT_014,2025-11-28T11:00:00Z,carousel,"Year 2 financial review: Unit economics, churn metrics, and customer acquisition payback periods openly documented. Read our full transparent memo in bio! #buildinpublic #finance #transparency Have you encountered this challenge recently?",165,15,1032,32,2
POST_000545,ACCOUNT_016,2025-11-28T18:45:00Z,carousel,Golden hour portrait session in the downtown district. Slide 2 vs Slide 3: Which lighting setup do you prefer? Tell us below! #portraitphotography #goldenhour #visualart #creator Drop your thoughts in the comments below! 🔥 #design #photography #cinematic #art,446,49,4389,63,52
POST_000546,ACCOUNT_037,2025-11-28T20:00:00Z,reel,Designing a morning routine that you actually look forward to waking up for. What is the very first thing you do in the morning? #morningroutine #selfcare #wellness #lifestyle Have you encountered this challenge recently? #minimalism #productivity,964,97,9516,90,147
POST_000547,ACCOUNT_024,2025-11-29T15:30:00Z,image,We bootstrap our SaaS to $5k MRR without outside venture capital. Here are the 4 fundamental growth loops we relied on: 📈 #saas #startups #entrepreneurship #bootstrap #business #buildinpublic #entrepreneur #finance #marketing #growth,98,5,1734,6,4
POST_000548,ACCOUNT_018,2025-11-29T17:15:00Z,image,Top 45 indie game gems released this quarter that deserve way more attention. Slide 3 is a masterpiece! #indiegames #gamedev #gamingcommunity #pcgaming #battlestation #gaming,722,54,10884,61,60
POST_000549,ACCOUNT_023,2025-11-30T20:15:00Z,reel,"Sunrise over the alpine peaks at 15,000 feet. The silence up here is something you never forget. Have you ever hiked in the Alps? 🏔️✨ #travel #adventure #hiking #wanderlust #nature #vacation #backpacking",701,78,8503,52,61
POST_000550,ACCOUNT_028,2025-11-30T21:30:00Z,reel,Ranking every boss fight from easiest to nearly impossible. Which boss took you the most attempts? #gaminglife #bossfight #gameplay #streamer #pcgaming #videogames #battlestation #esports #twitch #gaming,504,41,10550,44,66
POST_000551,ACCOUNT_025,2025-12-02T11:15:00Z,reel,"Public speaking masterclass: Overcoming imposter syndrome and delivering clear, impactful conference talks. #publicspeaking #confidence #communication #mentorship #upskill #interview #education #learning #productivity #students #growthmindset #study",342,37,4489,26,32
POST_000552,ACCOUNT_021,2025-12-02T16:15:00Z,image,"Recovery is where the adaptation actually happens. Prioritize 8 hours of sleep, proper hydration, and scheduled deload weeks. #recovery #restday #wellness #mindset Share this with someone who is currently working on this! #health #workout #strength #mobility #fitness",2357,179,34587,129,102
POST_000553,ACCOUNT_031,2025-12-02T16:15:00Z,carousel,Form check breakdown: Notice the hip hinge and neutral spine alignment in slide 2. Tag a gym partner who needs to see this! #fitnesstips #squats #powerlifting #coaching Which approach do you prefer in your daily workflow? #health,232,17,4071,47,11
POST_000554,ACCOUNT_033,2025-12-04T11:30:00Z,carousel,Road trip diary: 45 miles along the coastal highway with nothing but good music and endless ocean views. Who would you take on this drive? 🚗🌊 #roadtrip #scenic #coastal #escape Link in bio for the complete step-by-step breakdown.,515,30,7435,95,72
POST_000555,ACCOUNT_008,2025-12-04T18:00:00Z,image,Clutched the 1v4 tournament round with only 50 HP remaining! Watch the final flick shot in the last 5 seconds 🔥🎮 #gaming #esports #clutch #gamers What is your experience with this? #battlestation #streamer #gamer #pcgaming #videogames,657,31,16484,36,44
POST_000556,ACCOUNT_020,2025-12-05T10:45:00Z,carousel,Just deployed our new TrendSkope model. The latency dropped by 5ms and accuracy reached 95.0%. What benchmark should we test next? #ai #machinelearning #datascience #tech,119,12,1724,20,8
POST_000557,ACCOUNT_012,2025-12-05T13:45:00Z,image,Crispy garlic butter sourdough with slow-roasted tomatoes. The crunch in the first 3 seconds says it all! 🍞🍅 #foodie #baking #recipe #sourdough #homemade #tasty #instafood,419,20,4591,18,36
POST_000558,ACCOUNT_026,2025-12-05T17:15:00Z,reel,Color palette breakdown: Harmonizing complementary warm tones with cool architectural shadows. Shot on 250mm prime lens. 🎨📸 #photography #colorgrading #cinematic #composition Link in bio for the complete step-by-step breakdown. #visualsoflife #graphicdesign #art #creative,624,47,7804,51,110
POST_000559,ACCOUNT_030,2025-12-05T18:45:00Z,reel,Deep dive into our engineering architecture: How we handle 25k concurrent data streams with zero downtime. Check the breakdown in our bio link! #softwareengineering #cloud #devops Have you encountered this challenge recently? #datascience #ai #coding #startups #tech,522,47,5555,29,127
POST_000560,ACCOUNT_039,2025-12-05T19:00:00Z,reel,Announcing our local meetup chapters across 20 cities worldwide! Find your local group link in bio and join the community. #networking #events #globalcommunity #collaboration Have you encountered this challenge recently? #volunteer,200,19,2055,20,38
POST_000561,ACCOUNT_004,2025-12-05T20:30:00Z,carousel,"The anatomy of a high-converting landing page: Clear value proposition, visual proof, and zero distraction CTAs. Check the teardown! #growth #marketing #conversion #business #strategy #startup #finance",1245,108,33007,177,152
POST_000562,ACCOUNT_038,2025-12-05T21:15:00Z,image,Game design breakdown: Why this opening level is a masterclass in non-verbal player tutorials. #gamedesign #storytelling #videogames #analysis #pcgaming #streamer #esports #twitch #gaming #battlestation,36,3,1078,2,3
POST_000563,ACCOUNT_011,2025-12-06T12:30:00Z,carousel,"High-protein pre-workout meal prep under 25 minutes! Simple ingredients, zero complicated steps. Recipe listed below 🥗💪 #nutrition #mealprep #cleaneating #fitlife Have you encountered this challenge recently? #wellness #health #training #strength #gym",305,25,5019,57,4
POST_000564,ACCOUNT_007,2025-12-08T19:15:00Z,reel,Small daily habits that compound over 12 months into massive life improvements. Which habit are you building right now? #personaldevelopment #routines #mindset #balance Drop your thoughts in the comments below! 🔥,4402,534,37735,468,551
POST_000565,ACCOUNT_036,2025-12-08T21:00:00Z,carousel,Color palette breakdown: Harmonizing complementary warm tones with cool architectural shadows. Shot on 100mm prime lens. 🎨📸 #photography #colorgrading #cinematic #composition #visualsoflife #design #portrait #photooftheday #graphicdesign #branding #creative #art,193,10,2082,31,8
POST_000566,ACCOUNT_005,2025-12-09T18:15:00Z,image,Resume audit: 3 common mistakes that get candidates filtered by ATS scanners and how to fix them today. #resumetips #hiring #careergoals #professional Link in bio for the complete step-by-step breakdown. #growthmindset #learning #careeradvice #career #upskill #study #productivity #education,620,31,5803,23,55
POST_000567,ACCOUNT_003,2025-12-09T21:15:00Z,image,Packing light for a 12-day expedition: Everything fits into a single 35L backpack. Here is our essential gear checklist! #solotravel #backpacking #traveltips #gear What would you change about this setup? #adventure #nature,474,28,15284,29,31
POST_000568,ACCOUNT_032,2025-12-10T12:45:00Z,reel,Our secret 12-ingredient reduction sauce that elevates any weeknight pasta. Recipe instructions detailed in the caption! Which pasta shape is your favorite? #pastalover #cheflife #cooking Save this post for your next project review! #homemade #recipe #tasty #baking #dinner #delicious #foodie #chef #instafood,5074,523,51327,518,809
POST_000569,ACCOUNT_027,2025-12-10T14:30:00Z,reel,"A calm Sunday reset routine: Decluttering the workspace, intentional meal prep, and setting 3 focus goals for the week ahead. 🌿☕ #sundayreset #mindfulness #habits #slowliving #selfcare #daily #lifestyle #desksetup",72,5,2501,7,13
POST_000570,ACCOUNT_006,2025-12-10T16:45:00Z,image,"Typography rules every digital designer should know: Hierarchy, optical kerning, and vertical rhythm explained visually! #graphicdesign #typography #ui #designinspiration Share this with someone who is currently working on this! #cinematic",330,22,6280,27,24
POST_000571,ACCOUNT_001,2025-12-12T09:30:00Z,reel,"Recovery is where the adaptation actually happens. Prioritize 8 hours of sleep, proper hydration, and scheduled deload weeks. #recovery #restday #wellness #mindset Have you encountered this challenge recently? #fitness #training #strength #workout",1114,123,13243,116,120
POST_000572,ACCOUNT_029,2025-12-13T10:30:00Z,image,Announcing our local meetup chapters across 20 cities worldwide! Find your local group link in bio and join the community. #networking #events #globalcommunity #collaboration #hackathon #conference #impact #creators #meetup #volunteer #community,302,29,4096,21,17
POST_000573,ACCOUNT_009,2025-12-14T21:15:00Z,carousel,"Recap from our annual creator summit! Over 15 developers and founders gathered in person to share ideas, build prototypes, and collaborate. 🤝✨ #community #meetup #networking #conference What would you change about this setup? #volunteer",310,22,4561,42,30
POST_000574,ACCOUNT_015,2025-12-16T15:15:00Z,reel,Top 12 free certifications that actually helped our team land senior engineering roles in 2026. Bookmark this for your weekend upskilling! 📚💡 #career #education #learning #upskill #careeradvice #growthmindset,94,10,1304,9,16
POST_000575,ACCOUNT_040,2025-12-17T08:00:00Z,carousel,Just deployed our new DataFlow model. The latency dropped by 7ms and accuracy reached 98.6%. What benchmark should we test next? #ai #machinelearning #datascience #tech #developer #innovation #software,294,24,9293,49,19
POST_000576,ACCOUNT_010,2025-12-17T09:30:00Z,image,Which IDE theme keeps you most productive during late-night build sessions? Drop your setup in the comments! 💻✨ #coding #programming #developer #techlife #innovation #buildinpublic #ai #machinelearning #startups #datascience #software #tech,289,22,13253,15,17
POST_000577,ACCOUNT_002,2025-12-17T16:15:00Z,reel,Sunday slow cooking: 12-hour braised beef short ribs falling off the bone. Comfort food at its absolute finest. #slowcooking #comfortfood #dinnerideas #homechef #foodie #delicious #chef #tasty #recipe #cooking #instafood #dinner,196,11,6599,17,38
POST_000578,ACCOUNT_019,2025-12-17T19:15:00Z,image,Hosting our monthly live Q&A session this Thursday at 18:00 UTC! What questions do you want us to answer live? Drop them below! #ama #livestream #communityfirst #engagement #collaboration #meetup,234,20,3093,13,16
POST_000579,ACCOUNT_013,2025-12-18T16:30:00Z,image,Wandering through the historic cobblestone alleys of the old town. Every corner has centuries of stories. #heritage #architecture #wanderer #culture #travelgram #wanderlust #vacation #explore,509,32,9611,23,21
POST_000580,ACCOUNT_035,2025-12-18T16:45:00Z,reel,Mastering complex systems: The Feynman technique explained in 4 visual slides. How do you approach learning difficult concepts? #studygram #knowledge #productivity #growthmindset #careeradvice #students,1722,118,17214,170,165
POST_000581,ACCOUNT_017,2025-12-18T17:30:00Z,carousel,Small daily habits that compound over 10 months into massive life improvements. Which habit are you building right now? #personaldevelopment #routines #mindset #balance,125,8,2824,18,22
POST_000582,ACCOUNT_014,2025-12-19T14:00:00Z,reel,Hiring our first 500 engineers taught us these critical lessons on team culture and technical alignment. What is your #1 hiring criterion? #leadership #techjobs #management #marketing #entrepreneur #growth #saas,60,7,1067,6,12
POST_000583,ACCOUNT_022,2025-12-20T10:00:00Z,carousel,Plating masterclass: 3 simple composition techniques that make home cooking look restaurant-grade. Swipe through the steps! #gourmet #foodstyling #cheftips #presentation #chef #instafood #cooking #tasty #delicious #dinner #foodie #recipe #homemade #baking,580,41,5974,102,78
POST_000584,ACCOUNT_028,2025-12-20T20:45:00Z,reel,Clutched the 1v4 tournament round with only 7 HP remaining! Watch the final flick shot in the last 5 seconds 🔥🎮 #gaming #esports #clutch #gamers Have you encountered this challenge recently? #pcgaming #gameplay #twitch #battlestation #streamer,437,28,10561,45,105
POST_000585,ACCOUNT_018,2025-12-21T10:15:00Z,reel,Top 30 indie game gems released this quarter that deserve way more attention. Slide 3 is a masterpiece! #indiegames #gamedev #gamingcommunity #pcgaming #esports #videogames #gameplay #battlestation,703,60,9713,63,139
POST_000586,ACCOUNT_034,2025-12-22T13:15:00Z,carousel,We bootstrap our SaaS to $100k MRR without outside venture capital. Here are the 4 fundamental growth loops we relied on: 📈 #saas #startups #entrepreneurship #bootstrap #entrepreneur #buildinpublic #marketing #business #growth,366,28,2448,52,22
POST_000587,ACCOUNT_031,2025-12-22T13:45:00Z,reel,Morning mobility routine: 500 minutes to unlock hip flexors and lower back tension before lifting. Save this routine for your next leg day! 🏋️‍♂️🔥 #fitness #mobility #workout #strength Have you encountered this challenge recently? #health #gym,424,37,4379,23,63
POST_000588,ACCOUNT_037,2025-12-24T14:15:00Z,carousel,"Desk setup tour 2026: Minimalist walnut wood, cable management under 15 minutes, and ergonomic lighting. #workspace #desksetup #minimalism #productivity Save this post for your next project review! #selfcare #habits #mindfulness #lifestyle #wellness #daily #morningroutine",687,47,9822,80,61
POST_000589,ACCOUNT_016,2025-12-25T19:15:00Z,carousel,Color palette breakdown: Harmonizing complementary warm tones with cool architectural shadows. Shot on 3mm prime lens. 🎨📸 #photography #colorgrading #cinematic #composition #portrait #creative #design,106,10,4050,14,4
POST_000590,ACCOUNT_020,2025-12-25T19:30:00Z,image,Just deployed our new CoreAI model. The latency dropped by 10ms and accuracy reached 94.8%. What benchmark should we test next? #ai #machinelearning #datascience #tech #coding #developer #software #buildinpublic #startups,106,8,1920,4,6
POST_000591,ACCOUNT_008,2025-12-25T20:00:00Z,carousel,Game design breakdown: Why this opening level is a masterclass in non-verbal player tutorials. #gamedesign #storytelling #videogames #analysis Save this post for your next project review! #twitch #pcgaming #streamer #battlestation #gamer #esports #gameplay,824,50,15333,134,74
POST_000592,ACCOUNT_011,2025-12-25T21:15:00Z,reel,Consistency beats intensity every single time. Here is our 15-week progression breakdown for functional strength. Which goal are you chasing this season? #fitnessjourney #training #health What would you change about this setup? #motivation #mobility #workout #fitlife #strength #wellness #gym #fitness,268,25,5030,27,55
POST_000593,ACCOUNT_024,2025-12-26T08:30:00Z,image,Product roadmap meeting: Deciding what NOT to build is often 10x more important than adding new features. How does your team prioritize? #productmanagement #strategy #founder #saas #growth #buildinpublic #business #startup #leadership #entrepreneur #marketing,80,5,1755,7,3
POST_000594,ACCOUNT_030,2025-12-26T09:15:00Z,reel,Deep dive into our engineering architecture: How we handle 15k concurrent data streams with zero downtime. Check the breakdown in our bio link! #softwareengineering #cloud #devops #software #buildinpublic #ai #tech #innovation #machinelearning #developer #coding,589,54,5944,60,135
POST_000595,ACCOUNT_023,2025-12-27T11:45:00Z,carousel,Wandering through the historic cobblestone alleys of the old town. Every corner has centuries of stories. #heritage #architecture #wanderer #culture #travelgram #wanderlust #explore #nature,394,34,8177,57,35
POST_000596,ACCOUNT_026,2025-12-27T19:30:00Z,image,"Typography rules every digital designer should know: Hierarchy, optical kerning, and vertical rhythm explained visually! #graphicdesign #typography #ui #designinspiration #branding",507,37,7955,30,40
POST_000597,ACCOUNT_033,2025-12-28T15:30:00Z,image,Road trip diary: 7 miles along the coastal highway with nothing but good music and endless ocean views. Who would you take on this drive? 🚗🌊 #roadtrip #scenic #coastal #escape #nature #adventure #travelgram,437,41,7981,23,18
POST_000598,ACCOUNT_005,2025-12-28T16:15:00Z,reel,Top 100 free certifications that actually helped our team land senior engineering roles in 2026. Bookmark this for your weekend upskilling! 📚💡 #career #education #learning #upskill What would you change about this setup? #growthmindset #students #interview,383,31,6363,21,74
POST_000599,ACCOUNT_039,2025-12-28T22:15:00Z,reel,Hosting our monthly live Q&A session this Thursday at 18:00 UTC! What questions do you want us to answer live? Drop them below! #ama #livestream #communityfirst #engagement #networking #hackathon #volunteer,212,11,2143,18,26
POST_000600,ACCOUNT_025,2025-12-29T10:15:00Z,reel,Resume audit: 3 common mistakes that get candidates filtered by ATS scanners and how to fix them today. #resumetips #hiring #careergoals #professional #learning,1203,83,4569,95,181
POST_000601,ACCOUNT_004,2025-12-29T10:30:00Z,reel,"Year 2 financial review: Unit economics, churn metrics, and customer acquisition payback periods openly documented. Read our full transparent memo in bio! #buildinpublic #finance #transparency What is your experience with this? #strategy #leadership #entrepreneur #business",2025,251,35800,214,382
POST_000602,ACCOUNT_021,2025-12-29T18:00:00Z,reel,"High-protein pre-workout meal prep under 500 minutes! Simple ingredients, zero complicated steps. Recipe listed below 🥗💪 #nutrition #mealprep #cleaneating #fitlife What would you change about this setup? #mobility #workout #training #motivation #fitness #gym #strength #wellness #health",3887,292,32732,405,798
POST_000603,ACCOUNT_038,2025-12-29T18:30:00Z,image,Clutched the 1v4 tournament round with only 15 HP remaining! Watch the final flick shot in the last 5 seconds 🔥🎮 #gaming #esports #clutch #gamers Which approach do you prefer in your daily workflow?,68,6,1036,3,6
POST_000604,ACCOUNT_032,2025-12-30T10:30:00Z,reel,Street food tour through the night market: From artisan dumplings to spicy skewers! Which dish would you try first? 🍜🔥 #streetfood #foodtravel #culinary #tastetest #delicious,3461,347,51915,341,311
POST_000605,ACCOUNT_012,2025-12-30T18:15:00Z,carousel,Our secret 50-ingredient reduction sauce that elevates any weeknight pasta. Recipe instructions detailed in the caption! Which pasta shape is your favorite? #pastalover #cheflife #cooking #dinner #homemade #recipe #chef,236,26,4501,37,29
POST_000606,ACCOUNT_007,2025-12-31T18:45:00Z,reel,Designing a morning routine that you actually look forward to waking up for. What is the very first thing you do in the morning? #morningroutine #selfcare #wellness #lifestyle Have you encountered this challenge recently? #daily #productivity,1970,141,34301,132,402
POST_000607,ACCOUNT_036,2025-12-31T20:45:00Z,reel,Redesigning iconic brand identities using modern brutalist aesthetic principles. Swipe to see the before and after! #branding #logo #designprocess #creative #design #art #photooftheday,102,8,2250,8,13
POST_000608,ACCOUNT_027,2026-01-01T19:45:00Z,reel,Small daily habits that compound over 45 months into massive life improvements. Which habit are you building right now? #personaldevelopment #routines #mindset #balance #selfcare,139,8,2484,12,17
POST_000609,ACCOUNT_003,2026-01-03T09:00:00Z,image,Wandering through the historic cobblestone alleys of the old town. Every corner has centuries of stories. #heritage #architecture #wanderer #culture #travelgram #nature #wanderlust #explore #travel #adventure,889,72,14810,47,54
POST_000610,ACCOUNT_006,2026-01-03T19:15:00Z,image,Redesigning iconic brand identities using modern brutalist aesthetic principles. Swipe to see the before and after! #branding #logo #designprocess #creative Which approach do you prefer in your daily workflow? #design #graphicdesign #art #portrait #cinematic #photooftheday #photography,466,30,5720,19,15
POST_000611,ACCOUNT_009,2026-01-03T20:15:00Z,image,Announcing our local meetup chapters across 10 cities worldwide! Find your local group link in bio and join the community. #networking #events #globalcommunity #collaboration,323,28,4764,20,9
POST_000612,ACCOUNT_001,2026-01-03T22:15:00Z,reel,Form check breakdown: Notice the hip hinge and neutral spine alignment in slide 2. Tag a gym partner who needs to see this! #fitnesstips #squats #powerlifting #coaching #training #health #gym #mobility #wellness #fitness,897,51,13026,71,196
POST_000613,ACCOUNT_010,2026-01-06T13:45:00Z,carousel,Which IDE theme keeps you most productive during late-night build sessions? Drop your setup in the comments! 💻✨ #coding #programming #developer #techlife Which approach do you prefer in your daily workflow? #buildinpublic #tech #machinelearning #software,841,67,12810,121,138
POST_000614,ACCOUNT_040,2026-01-06T20:45:00Z,reel,Which IDE theme keeps you most productive during late-night build sessions? Drop your setup in the comments! 💻✨ #coding #programming #developer #techlife Share this with someone who is currently working on this!,1000,70,9904,66,232
POST_000615,ACCOUNT_015,2026-01-08T10:00:00Z,reel,Top 15 free certifications that actually helped our team land senior engineering roles in 2026. Bookmark this for your weekend upskilling! 📚💡 #career #education #learning #upskill,112,10,1404,9,29
POST_000616,ACCOUNT_029,2026-01-08T18:30:00Z,reel,Community spotlight: Highlighting the incredible work our members built during last weekend's 48-hour hackathon. Swipe to see the winners! #hackathon #creators #innovation #spotlight #volunteer #networking #impact,778,66,4452,42,153
POST_000617,ACCOUNT_002,2026-01-09T08:45:00Z,reel,Crispy garlic butter sourdough with slow-roasted tomatoes. The crunch in the first 3 seconds says it all! 🍞🍅 #foodie #baking #recipe #sourdough #homemade #cooking,169,12,6954,17,27
POST_000618,ACCOUNT_035,2026-01-09T17:00:00Z,image,How to structure your technical portfolio when you have zero formal industry experience: A step-by-step breakdown. Tag a student who needs this! #careeradvice #jobsearch #interviewprep Which approach do you prefer in your daily workflow?,835,64,16196,32,52
POST_000619,ACCOUNT_019,2026-01-09T17:45:00Z,image,"Recap from our annual creator summit! Over 15 developers and founders gathered in person to share ideas, build prototypes, and collaborate. 🤝✨ #community #meetup #networking #conference Share this with someone who is currently working on this! #hackathon",317,30,3341,24,17
POST_000620,ACCOUNT_018,2026-01-10T15:15:00Z,reel,Ranking every boss fight from easiest to nearly impossible. Which boss took you the most attempts? #gaminglife #bossfight #gameplay #streamer #esports #battlestation #gaming #videogames #gamingcommunity,781,77,10138,76,59
POST_000621,ACCOUNT_034,2026-01-11T08:30:00Z,image,We bootstrap our SaaS to $10k MRR without outside venture capital. Here are the 4 fundamental growth loops we relied on: 📈 #saas #startups #entrepreneurship #bootstrap #entrepreneur,114,7,2471,8,2
POST_000622,ACCOUNT_014,2026-01-11T20:00:00Z,reel,We bootstrap our SaaS to $10k MRR without outside venture capital. Here are the 4 fundamental growth loops we relied on: 📈 #saas #startups #entrepreneurship #bootstrap #buildinpublic #entrepreneur #strategy #marketing #business,69,5,1130,5,15
POST_000623,ACCOUNT_017,2026-01-11T22:15:00Z,carousel,Designing a morning routine that you actually look forward to waking up for. What is the very first thing you do in the morning? #morningroutine #selfcare #wellness #lifestyle #productivity #habits,142,9,2637,18,22
POST_000624,ACCOUNT_013,2026-01-12T11:45:00Z,carousel,Hidden coastal gems you must visit in 2026! Slide 4 is an undiscovered bay with crystal-clear waters. Save this for your next itinerary! #travelguide #explore #vacation #bucketlist #travelgram,439,24,9673,73,46
POST_000625,ACCOUNT_037,2026-01-13T21:15:00Z,reel,Small daily habits that compound over 12 months into massive life improvements. Which habit are you building right now? #personaldevelopment #routines #mindset #balance #wellness #daily #minimalism #selfcare #desksetup #habits #morningroutine #mindfulness,1368,135,8955,131,242
POST_000626,ACCOUNT_016,2026-01-14T13:00:00Z,image,Redesigning iconic brand identities using modern brutalist aesthetic principles. Swipe to see the before and after! #branding #logo #designprocess #creative #art #cinematic #graphicdesign #portrait #design #photooftheday #visualsoflife #photography,216,19,4352,13,17
POST_000627,ACCOUNT_022,2026-01-14T19:00:00Z,image,Crispy garlic butter sourdough with slow-roasted tomatoes. The crunch in the first 3 seconds says it all! 🍞🍅 #foodie #baking #recipe #sourdough #homemade #instafood #cooking #tasty #chef #delicious #dinner,433,38,5661,29,23
POST_000628,ACCOUNT_023,2026-01-15T13:30:00Z,reel,Packing light for a 500-day expedition: Everything fits into a single 35L backpack. Here is our essential gear checklist! #solotravel #backpacking #traveltips #gear #travel #hiking #adventure #explore #travelgram #wanderlust #vacation,666,82,8364,48,147
POST_000629,ACCOUNT_031,2026-01-15T16:30:00Z,reel,"Recovery is where the adaptation actually happens. Prioritize 8 hours of sleep, proper hydration, and scheduled deload weeks. #recovery #restday #wellness #mindset Share this with someone who is currently working on this!",336,30,4185,32,32
POST_000630,ACCOUNT_028,2026-01-16T11:00:00Z,reel,Ranking every boss fight from easiest to nearly impossible. Which boss took you the most attempts? #gaminglife #bossfight #gameplay #streamer What would you change about this setup? #gamer #twitch,663,42,11775,57,129
POST_000631,ACCOUNT_020,2026-01-17T17:45:00Z,image,Deep dive into our engineering architecture: How we handle 3k concurrent data streams with zero downtime. Check the breakdown in our bio link! #softwareengineering #cloud #devops What would you change about this setup? #machinelearning #developer,128,12,1951,10,5
POST_000632,ACCOUNT_038,2026-01-17T22:00:00Z,reel,Top 5 indie game gems released this quarter that deserve way more attention. Slide 3 is a masterpiece! #indiegames #gamedev #gamingcommunity #pcgaming #streamer #gamer #gaming #gameplay #esports #videogames #twitch #battlestation,77,5,1082,7,12
POST_000633,ACCOUNT_033,2026-01-18T15:00:00Z,image,Road trip diary: 100 miles along the coastal highway with nothing but good music and endless ocean views. Who would you take on this drive? 🚗🌊 #roadtrip #scenic #coastal #escape #explore #hiking #nature #travelgram #backpacking #vacation,288,23,7025,20,3
POST_000634,ACCOUNT_004,2026-01-19T21:30:00Z,reel,Hiring our first 250 engineers taught us these critical lessons on team culture and technical alignment. What is your #1 hiring criterion? #leadership #techjobs #management #strategy #growth #buildinpublic #business #saas #finance #marketing,1487,137,34540,159,327
POST_000635,ACCOUNT_026,2026-01-19T21:45:00Z,carousel,Golden hour portrait session in the downtown district. Slide 2 vs Slide 3: Which lighting setup do you prefer? Tell us below! #portraitphotography #goldenhour #visualart #creator Share this with someone who is currently working on this! #photooftheday #portrait #creative #visualsoflife #art,834,43,8650,116,32
POST_000636,ACCOUNT_007,2026-01-20T08:45:00Z,image,Small daily habits that compound over 100 months into massive life improvements. Which habit are you building right now? #personaldevelopment #routines #mindset #balance #desksetup #productivity #wellness #lifestyle #selfcare #morningroutine #daily #minimalism,1330,68,34661,67,192
POST_000637,ACCOUNT_008,2026-01-20T12:00:00Z,reel,Clutched the 1v4 tournament round with only 5 HP remaining! Watch the final flick shot in the last 5 seconds 🔥🎮 #gaming #esports #clutch #gamers #gamer #gameplay,992,91,17490,73,99
POST_000638,ACCOUNT_005,2026-01-20T17:45:00Z,carousel,How to structure your technical portfolio when you have zero formal industry experience: A step-by-step breakdown. Tag a student who needs this! #careeradvice #jobsearch #interviewprep Which approach do you prefer in your daily workflow? #study #interview #upskill #productivity #education #learning #career #students #growthmindset,940,88,6312,158,12
POST_000639,ACCOUNT_030,2026-01-20T17:45:00Z,reel,5 critical lessons we learned after refactoring our core ML pipeline. Slide 3 is the most important lesson for teams scaling to production! #startups #datascience #engineering #ai #innovation #coding #machinelearning,258,23,5681,17,47
POST_000640,ACCOUNT_011,2026-01-21T16:15:00Z,image,"Recovery is where the adaptation actually happens. Prioritize 8 hours of sleep, proper hydration, and scheduled deload weeks. #recovery #restday #wellness #mindset #gym",215,20,5071,15,11
POST_000641,ACCOUNT_039,2026-01-21T17:45:00Z,reel,"Recap from our annual creator summit! Over 15 developers and founders gathered in person to share ideas, build prototypes, and collaborate. 🤝✨ #community #meetup #networking #conference Link in bio for the complete step-by-step breakdown. #volunteer #hackathon #creators",108,7,1895,10,13
POST_000642,ACCOUNT_024,2026-01-22T10:15:00Z,reel,"Year 2 financial review: Unit economics, churn metrics, and customer acquisition payback periods openly documented. Read our full transparent memo in bio! #buildinpublic #finance #transparency Have you encountered this challenge recently? #startup #growth #entrepreneur #business #strategy #saas",219,25,1879,18,43
POST_000643,ACCOUNT_009,2026-01-22T12:45:00Z,image,Community spotlight: Highlighting the incredible work our members built during last weekend's 48-hour hackathon. Swipe to see the winners! #hackathon #creators #innovation #spotlight #meetup #events #networking,145,7,4971,7,16
POST_000644,ACCOUNT_021,2026-01-23T12:45:00Z,reel,Morning mobility routine: 3 minutes to unlock hip flexors and lower back tension before lifting. Save this routine for your next leg day! 🏋️‍♂️🔥 #fitness #mobility #workout #strength #motivation #wellness #health #training #gym #fitlife,2256,177,31819,125,405
POST_000645,ACCOUNT_006,2026-01-23T13:30:00Z,image,"Typography rules every digital designer should know: Hierarchy, optical kerning, and vertical rhythm explained visually! #graphicdesign #typography #ui #designinspiration #design",137,7,5656,9,10
POST_000646,ACCOUNT_025,2026-01-23T16:00:00Z,reel,Top 500 free certifications that actually helped our team land senior engineering roles in 2026. Bookmark this for your weekend upskilling! 📚💡 #career #education #learning #upskill Share this with someone who is currently working on this! #careeradvice #study #interview,435,37,4505,26,58
POST_000647,ACCOUNT_012,2026-01-23T21:00:00Z,image,Sunday slow cooking: 12-hour braised beef short ribs falling off the bone. Comfort food at its absolute finest. #slowcooking #comfortfood #dinnerideas #homechef,283,18,4509,15,24
POST_000648,ACCOUNT_036,2026-01-25T10:45:00Z,carousel,Golden hour portrait session in the downtown district. Slide 2 vs Slide 3: Which lighting setup do you prefer? Tell us below! #portraitphotography #goldenhour #visualart #creator #art #graphicdesign #cinematic,208,13,2191,37,14
POST_000649,ACCOUNT_032,2026-01-26T20:30:00Z,reel,Crispy garlic butter sourdough with slow-roasted tomatoes. The crunch in the first 3 seconds says it all! 🍞🍅 #foodie #baking #recipe #sourdough #homemade Link in bio for the complete step-by-step breakdown.,3145,184,45641,185,812
POST_000650,ACCOUNT_027,2026-01-27T19:30:00Z,image,"A calm Sunday reset routine: Decluttering the workspace, intentional meal prep, and setting 3 focus goals for the week ahead. 🌿☕ #sundayreset #mindfulness #habits #slowliving Save this post for your next project review! #selfcare #minimalism #morningroutine #desksetup #lifestyle #wellness #productivity",143,14,2580,12,9
POST_000651,ACCOUNT_001,2026-01-27T20:15:00Z,reel,Consistency beats intensity every single time. Here is our 3-week progression breakdown for functional strength. Which goal are you chasing this season? #fitnessjourney #training #health Share this with someone who is currently working on this!,754,81,12017,52,95
POST_000652,ACCOUNT_003,2026-01-28T15:00:00Z,image,Wandering through the historic cobblestone alleys of the old town. Every corner has centuries of stories. #heritage #architecture #wanderer #culture #travelgram Share this with someone who is currently working on this! #wanderlust #roadtrip,1250,90,14435,56,74
POST_000653,ACCOUNT_015,2026-01-29T09:15:00Z,reel,Mastering complex systems: The Feynman technique explained in 4 visual slides. How do you approach learning difficult concepts? #studygram #knowledge #productivity #growthmindset #learning #career #careeradvice #study #students #upskill,93,11,1479,10,17
POST_000654,ACCOUNT_029,2026-01-29T14:45:00Z,image,Volunteer weekend: Planting 45+ trees in the urban community garden. Huge thank you to everyone who showed up and made a difference! 🌱💚 #giveback #volunteering #sustainability #impact What would you change about this setup? #hackathon #meetup #conference,351,28,4227,18,31
POST_000655,ACCOUNT_040,2026-01-29T16:15:00Z,image,5 critical lessons we learned after refactoring our core ML pipeline. Slide 3 is the most important lesson for teams scaling to production! #startups #datascience #engineering #coding #software #ai,332,23,9507,20,38
POST_000656,ACCOUNT_010,2026-01-30T16:45:00Z,image,5 critical lessons we learned after refactoring our core ML pipeline. Slide 3 is the most important lesson for teams scaling to production! #startups #datascience #engineering #software #developer #tech #innovation #ai,499,43,12650,32,19
POST_000657,ACCOUNT_014,2026-01-31T10:15:00Z,reel,Product roadmap meeting: Deciding what NOT to build is often 10x more important than adding new features. How does your team prioritize? #productmanagement #strategy #founder Save this post for your next project review! #marketing,84,7,1062,7,15
POST_000658,ACCOUNT_018,2026-01-31T15:30:00Z,image,Ranking every boss fight from easiest to nearly impossible. Which boss took you the most attempts? #gaminglife #bossfight #gameplay #streamer #gamingcommunity,548,32,10803,21,74
POST_000659,ACCOUNT_017,2026-02-01T19:00:00Z,image,"Desk setup tour 2026: Minimalist walnut wood, cable management under 15 minutes, and ergonomic lighting. #workspace #desksetup #minimalism #productivity Have you encountered this challenge recently? #habits",171,16,2684,13,10
POST_000660,ACCOUNT_019,2026-02-01T20:45:00Z,carousel,"Recap from our annual creator summit! Over 30 developers and founders gathered in person to share ideas, build prototypes, and collaborate. 🤝✨ #community #meetup #networking #conference #impact #hackathon #events",324,34,2924,49,32
POST_000661,ACCOUNT_022,2026-02-03T21:30:00Z,reel,Our secret 45-ingredient reduction sauce that elevates any weeknight pasta. Recipe instructions detailed in the caption! Which pasta shape is your favorite? #pastalover #cheflife #cooking #delicious #chef,615,58,6061,45,144
POST_000662,ACCOUNT_023,2026-02-04T11:30:00Z,image,Packing light for a 500-day expedition: Everything fits into a single 35L backpack. Here is our essential gear checklist! #solotravel #backpacking #traveltips #gear Which approach do you prefer in your daily workflow? #hiking #travel,368,27,8382,22,35
POST_000663,ACCOUNT_035,2026-02-04T16:45:00Z,reel,How to structure your technical portfolio when you have zero formal industry experience: A step-by-step breakdown. Tag a student who needs this! #careeradvice #jobsearch #interviewprep,386,39,18208,35,61
POST_000664,ACCOUNT_002,2026-02-05T15:15:00Z,image,Crispy garlic butter sourdough with slow-roasted tomatoes. The crunch in the first 3 seconds says it all! 🍞🍅 #foodie #baking #recipe #sourdough #homemade #instafood #chef #cooking,295,23,7233,25,15
POST_000665,ACCOUNT_034,2026-02-05T16:00:00Z,image,Product roadmap meeting: Deciding what NOT to build is often 10x more important than adding new features. How does your team prioritize? #productmanagement #strategy #founder #startup #buildinpublic,166,14,2540,8,17
POST_000666,ACCOUNT_020,2026-02-06T10:30:00Z,image,Which IDE theme keeps you most productive during late-night build sessions? Drop your setup in the comments! 💻✨ #coding #programming #developer #techlife What is your experience with this?,88,5,1753,5,6
POST_000667,ACCOUNT_013,2026-02-07T16:30:00Z,image,Hidden coastal gems you must visit in 2026! Slide 4 is an undiscovered bay with crystal-clear waters. Save this for your next itinerary! #travelguide #explore #vacation #bucketlist #hiking #roadtrip,465,32,9446,37,5
POST_000668,ACCOUNT_028,2026-02-07T19:00:00Z,reel,Game design breakdown: Why this opening level is a masterclass in non-verbal player tutorials. #gamedesign #storytelling #videogames #analysis #esports #gamingcommunity #battlestation #gamer,698,38,10353,49,99
POST_000669,ACCOUNT_030,2026-02-08T10:15:00Z,image,Deep dive into our engineering architecture: How we handle 25k concurrent data streams with zero downtime. Check the breakdown in our bio link! #softwareengineering #cloud #devops Share this with someone who is currently working on this! #ai #coding #datascience #tech #developer #buildinpublic #startups #machinelearning,501,24,6229,19,42
POST_000670,ACCOUNT_016,2026-02-08T10:45:00Z,carousel,"Typography rules every digital designer should know: Hierarchy, optical kerning, and vertical rhythm explained visually! #graphicdesign #typography #ui #designinspiration What would you change about this setup? #visualsoflife #creative #portrait #photooftheday #art #cinematic #branding #design #photography",235,13,4128,26,18
POST_000671,ACCOUNT_008,2026-02-08T20:00:00Z,image,"Custom PC build complete: Liquid cooling, cable combs, and clean ambient RGB lighting. Rate this battlestation from 1 to 10! 🕹️⚡ #pcbuild #gamingpc #battlestation #setup Save this post for your next project review! #gaming",1133,64,17887,79,138
POST_000672,ACCOUNT_038,2026-02-08T20:30:00Z,reel,Clutched the 1v4 tournament round with only 50 HP remaining! Watch the final flick shot in the last 5 seconds 🔥🎮 #gaming #esports #clutch #gamers #battlestation,111,8,1074,11,10
POST_000673,ACCOUNT_037,2026-02-09T15:15:00Z,image,"A calm Sunday reset routine: Decluttering the workspace, intentional meal prep, and setting 3 focus goals for the week ahead. 🌿☕ #sundayreset #mindfulness #habits #slowliving What is your experience with this? #wellness",838,49,9466,57,24
POST_000674,ACCOUNT_005,2026-02-09T15:45:00Z,reel,Top 50 free certifications that actually helped our team land senior engineering roles in 2026. Bookmark this for your weekend upskilling! 📚💡 #career #education #learning #upskill What would you change about this setup? #careeradvice #students #study,579,33,6524,33,129
POST_000675,ACCOUNT_031,2026-02-11T19:00:00Z,carousel,Consistency beats intensity every single time. Here is our 500-week progression breakdown for functional strength. Which goal are you chasing this season? #fitnessjourney #training #health #gym #strength #mobility #workout #fitness #wellness,389,41,4395,50,39
POST_000676,ACCOUNT_009,2026-02-12T10:15:00Z,reel,Community spotlight: Highlighting the incredible work our members built during last weekend's 48-hour hackathon. Swipe to see the winners! #hackathon #creators #innovation #spotlight #conference,605,44,5181,41,146
POST_000677,ACCOUNT_039,2026-02-12T21:45:00Z,reel,Hosting our monthly live Q&A session this Thursday at 18:00 UTC! What questions do you want us to answer live? Drop them below! #ama #livestream #communityfirst #engagement Link in bio for the complete step-by-step breakdown. #collaboration #events #volunteer #impact #meetup #creators #community #networking #hackathon #conference,198,18,2199,20,32
POST_000678,ACCOUNT_012,2026-02-13T10:45:00Z,carousel,Street food tour through the night market: From artisan dumplings to spicy skewers! Which dish would you try first? 🍜🔥 #streetfood #foodtravel #culinary #tastetest Drop your thoughts in the comments below! 🔥 #foodie #recipe,413,24,4735,79,10
POST_000679,ACCOUNT_006,2026-02-13T18:45:00Z,reel,"Typography rules every digital designer should know: Hierarchy, optical kerning, and vertical rhythm explained visually! #graphicdesign #typography #ui #designinspiration #cinematic #creative #branding #visualsoflife #design #photooftheday",367,34,6077,31,54
POST_000680,ACCOUNT_026,2026-02-14T08:15:00Z,image,"Typography rules every digital designer should know: Hierarchy, optical kerning, and vertical rhythm explained visually! #graphicdesign #typography #ui #designinspiration Share this with someone who is currently working on this!",352,31,8805,18,25
POST_000681,ACCOUNT_033,2026-02-14T10:00:00Z,reel,Packing light for a 250-day expedition: Everything fits into a single 35L backpack. Here is our essential gear checklist! #solotravel #backpacking #traveltips #gear #roadtrip #wanderlust #travel #adventure,692,48,8262,67,100
POST_000682,ACCOUNT_007,2026-02-14T19:00:00Z,image,"Desk setup tour 2026: Minimalist walnut wood, cable management under 15 minutes, and ergonomic lighting. #workspace #desksetup #minimalism #productivity #mindfulness #wellness #lifestyle #habits",3309,193,35058,235,316
POST_000683,ACCOUNT_032,2026-02-15T09:30:00Z,carousel,Plating masterclass: 3 simple composition techniques that make home cooking look restaurant-grade. Swipe through the steps! #gourmet #foodstyling #cheftips #presentation Which approach do you prefer in your daily workflow? #homemade,3773,363,53350,634,87
POST_000684,ACCOUNT_011,2026-02-15T13:30:00Z,reel,Consistency beats intensity every single time. Here is our 250-week progression breakdown for functional strength. Which goal are you chasing this season? #fitnessjourney #training #health What is your experience with this? #motivation #strength #workout,414,34,5053,32,58
POST_000685,ACCOUNT_027,2026-02-15T20:30:00Z,image,"A calm Sunday reset routine: Decluttering the workspace, intentional meal prep, and setting 3 focus goals for the week ahead. 🌿☕ #sundayreset #mindfulness #habits #slowliving #morningroutine #selfcare #daily #lifestyle #productivity #wellness #desksetup",117,11,2369,6,1
POST_000686,ACCOUNT_004,2026-02-15T20:45:00Z,carousel,Hiring our first 12 engineers taught us these critical lessons on team culture and technical alignment. What is your #1 hiring criterion? #leadership #techjobs #management #business #saas #buildinpublic #growth #finance,2899,244,36194,337,441
POST_000687,ACCOUNT_025,2026-02-16T18:00:00Z,image,Mastering complex systems: The Feynman technique explained in 4 visual slides. How do you approach learning difficult concepts? #studygram #knowledge #productivity #growthmindset #learning #career #students,417,38,4359,22,20
POST_000688,ACCOUNT_036,2026-02-17T18:00:00Z,carousel,"Behind the lens: Lighting setup diagram, camera settings (ISO 100, f/1.8, 1/500s), and raw color grading curve. Save for your next shoot! #phototips #behindthescenes #lighting #cameragear Have you encountered this challenge recently? #creative #graphicdesign",190,18,2294,30,8
POST_000689,ACCOUNT_024,2026-02-17T19:15:00Z,image,We bootstrap our SaaS to $250k MRR without outside venture capital. Here are the 4 fundamental growth loops we relied on: 📈 #saas #startups #entrepreneurship #bootstrap Share this with someone who is currently working on this! #business #marketing,57,3,1762,3,3
POST_000690,ACCOUNT_003,2026-02-18T10:30:00Z,image,Hidden coastal gems you must visit in 2026! Slide 4 is an undiscovered bay with crystal-clear waters. Save this for your next itinerary! #travelguide #explore #vacation #bucketlist #adventure,1631,122,15378,104,92
POST_000691,ACCOUNT_021,2026-02-18T11:30:00Z,carousel,"Recovery is where the adaptation actually happens. Prioritize 8 hours of sleep, proper hydration, and scheduled deload weeks. #recovery #restday #wellness #mindset Which approach do you prefer in your daily workflow? #workout #mobility #health #strength #fitlife #motivation #gym #fitness #training",2509,145,35706,408,86
POST_000692,ACCOUNT_040,2026-02-18T17:45:00Z,image,5 critical lessons we learned after refactoring our core ML pipeline. Slide 3 is the most important lesson for teams scaling to production! #startups #datascience #engineering Save this post for your next project review! #developer #machinelearning #innovation #software,500,29,8639,40,17
POST_000693,ACCOUNT_001,2026-02-19T18:30:00Z,reel,Morning mobility routine: 5 minutes to unlock hip flexors and lower back tension before lifting. Save this routine for your next leg day! 🏋️‍♂️🔥 #fitness #mobility #workout #strength Share this with someone who is currently working on this! #motivation #training #health #fitlife,1115,116,11704,62,244
POST_000694,ACCOUNT_029,2026-02-19T21:45:00Z,carousel,Hosting our monthly live Q&A session this Thursday at 18:00 UTC! What questions do you want us to answer live? Drop them below! #ama #livestream #communityfirst #engagement #volunteer #events #hackathon,419,37,4497,50,22
POST_000695,ACCOUNT_015,2026-02-21T18:30:00Z,reel,"Public speaking masterclass: Overcoming imposter syndrome and delivering clear, impactful conference talks. #publicspeaking #confidence #communication #mentorship Link in bio for the complete step-by-step breakdown. #students #growthmindset",136,9,1442,9,38
POST_000696,ACCOUNT_017,2026-02-25T18:15:00Z,image,"A calm Sunday reset routine: Decluttering the workspace, intentional meal prep, and setting 3 focus goals for the week ahead. 🌿☕ #sundayreset #mindfulness #habits #slowliving Have you encountered this challenge recently? #productivity #selfcare",107,10,2667,9,8
POST_000697,ACCOUNT_010,2026-02-26T16:00:00Z,image,Deep dive into our engineering architecture: How we handle 7k concurrent data streams with zero downtime. Check the breakdown in our bio link! #softwareengineering #cloud #devops #developer #buildinpublic #software #coding #tech #ai #machinelearning #datascience,1422,78,13804,82,147
POST_000698,ACCOUNT_034,2026-02-26T17:30:00Z,reel,Product roadmap meeting: Deciding what NOT to build is often 10x more important than adding new features. How does your team prioritize? #productmanagement #strategy #founder Share this with someone who is currently working on this! #growth #business #entrepreneur #saas,362,20,2724,36,60
POST_000699,ACCOUNT_014,2026-02-26T18:30:00Z,reel,Product roadmap meeting: Deciding what NOT to build is often 10x more important than adding new features. How does your team prioritize? #productmanagement #strategy #founder #marketing #entrepreneur #business #buildinpublic #leadership #saas #startup,28,2,1192,3,6
POST_000700,ACCOUNT_023,2026-02-26T21:30:00Z,carousel,Packing light for a 3-day expedition: Everything fits into a single 35L backpack. Here is our essential gear checklist! #solotravel #backpacking #traveltips #gear #roadtrip #travel #explore #adventure #hiking,484,38,8039,80,62
POST_000701,ACCOUNT_018,2026-02-26T21:45:00Z,reel,"Custom PC build complete: Liquid cooling, cable combs, and clean ambient RGB lighting. Rate this battlestation from 1 to 10! 🕹️⚡ #pcbuild #gamingpc #battlestation #setup #streamer",1094,124,10719,62,107
POST_000702,ACCOUNT_038,2026-02-27T13:30:00Z,reel,Top 500 indie game gems released this quarter that deserve way more attention. Slide 3 is a masterpiece! #indiegames #gamedev #gamingcommunity #pcgaming #twitch #battlestation #gameplay,50,4,1003,3,11
POST_000703,ACCOUNT_020,2026-02-27T19:30:00Z,reel,Which IDE theme keeps you most productive during late-night build sessions? Drop your setup in the comments! 💻✨ #coding #programming #developer #techlife #ai #tech #datascience,108,11,1922,10,17
POST_000704,ACCOUNT_028,2026-02-28T18:30:00Z,carousel,Ranking every boss fight from easiest to nearly impossible. Which boss took you the most attempts? #gaminglife #bossfight #gameplay #streamer Which approach do you prefer in your daily workflow? #pcgaming #esports #gamer #twitch #battlestation #gaming #videogames #gamingcommunity,823,72,12181,110,35
POST_000705,ACCOUNT_019,2026-02-28T18:45:00Z,reel,Volunteer weekend: Planting 45+ trees in the urban community garden. Huge thank you to everyone who showed up and made a difference! 🌱💚 #giveback #volunteering #sustainability #impact Which approach do you prefer in your daily workflow? #meetup #collaboration,278,25,3067,19,29
POST_000706,ACCOUNT_005,2026-02-28T21:30:00Z,reel,Top 10 free certifications that actually helped our team land senior engineering roles in 2026. Bookmark this for your weekend upskilling! 📚💡 #career #education #learning #upskill #study #students #interview,527,38,6676,47,56
POST_000707,ACCOUNT_022,2026-03-01T11:45:00Z,carousel,Crispy garlic butter sourdough with slow-roasted tomatoes. The crunch in the first 3 seconds says it all! 🍞🍅 #foodie #baking #recipe #sourdough #homemade #tasty #delicious #dinner #instafood #chef #cooking,643,52,5745,84,29
POST_000708,ACCOUNT_035,2026-03-01T16:30:00Z,image,Mastering complex systems: The Feynman technique explained in 4 visual slides. How do you approach learning difficult concepts? #studygram #knowledge #productivity #growthmindset #learning #education #careeradvice #career #study #students,1030,87,16672,70,38
POST_000709,ACCOUNT_013,2026-03-02T19:15:00Z,reel,Hidden coastal gems you must visit in 2026! Slide 4 is an undiscovered bay with crystal-clear waters. Save this for your next itinerary! #travelguide #explore #vacation #bucketlist Which approach do you prefer in your daily workflow?,536,31,10044,58,99
POST_000710,ACCOUNT_008,2026-03-03T10:30:00Z,reel,Top 5 indie game gems released this quarter that deserve way more attention. Slide 3 is a masterpiece! #indiegames #gamedev #gamingcommunity #pcgaming #streamer #battlestation #twitch,815,87,16220,91,150
POST_000711,ACCOUNT_030,2026-03-03T17:30:00Z,image,Deep dive into our engineering architecture: How we handle 15k concurrent data streams with zero downtime. Check the breakdown in our bio link! #softwareengineering #cloud #devops #software #buildinpublic #innovation,488,26,6155,26,42
POST_000712,ACCOUNT_037,2026-03-03T19:15:00Z,image,"Desk setup tour 2026: Minimalist walnut wood, cable management under 15 minutes, and ergonomic lighting. #workspace #desksetup #minimalism #productivity #lifestyle #wellness #daily #morningroutine",210,20,9055,12,19
POST_000713,ACCOUNT_002,2026-03-04T14:45:00Z,image,Plating masterclass: 3 simple composition techniques that make home cooking look restaurant-grade. Swipe through the steps! #gourmet #foodstyling #cheftips #presentation #baking #dinner #delicious,428,31,6746,35,25
POST_000714,ACCOUNT_031,2026-03-04T17:30:00Z,carousel,Consistency beats intensity every single time. Here is our 3-week progression breakdown for functional strength. Which goal are you chasing this season? #fitnessjourney #training #health #fitlife #workout #motivation,338,19,4303,56,4
POST_000715,ACCOUNT_012,2026-03-06T10:45:00Z,reel,Plating masterclass: 3 simple composition techniques that make home cooking look restaurant-grade. Swipe through the steps! #gourmet #foodstyling #cheftips #presentation #tasty #instafood,174,12,5006,13,36
POST_000716,ACCOUNT_016,2026-03-07T10:15:00Z,image,Redesigning iconic brand identities using modern brutalist aesthetic principles. Swipe to see the before and after! #branding #logo #designprocess #creative Have you encountered this challenge recently?,300,19,4585,18,25
POST_000717,ACCOUNT_039,2026-03-07T10:30:00Z,reel,Community spotlight: Highlighting the incredible work our members built during last weekend's 48-hour hackathon. Swipe to see the winners! #hackathon #creators #innovation #spotlight Have you encountered this challenge recently? #collaboration #events #community #volunteer,395,28,2100,39,81
POST_000718,ACCOUNT_009,2026-03-08T16:45:00Z,carousel,"Recap from our annual creator summit! Over 3 developers and founders gathered in person to share ideas, build prototypes, and collaborate. 🤝✨ #community #meetup #networking #conference Have you encountered this challenge recently? #volunteer #impact",367,26,4995,62,13
POST_000719,ACCOUNT_006,2026-03-08T17:15:00Z,reel,Redesigning iconic brand identities using modern brutalist aesthetic principles. Swipe to see the before and after! #branding #logo #designprocess #creative #photooftheday #design,592,59,6510,35,132
POST_000720,ACCOUNT_026,2026-03-08T17:30:00Z,image,Color palette breakdown: Harmonizing complementary warm tones with cool architectural shadows. Shot on 5mm prime lens. 🎨📸 #photography #colorgrading #cinematic #composition Link in bio for the complete step-by-step breakdown. #creative #photooftheday #design #graphicdesign #portrait #art #branding,551,37,8762,45,38
POST_000721,ACCOUNT_036,2026-03-08T19:00:00Z,image,Golden hour portrait session in the downtown district. Slide 2 vs Slide 3: Which lighting setup do you prefer? Tell us below! #portraitphotography #goldenhour #visualart #creator #art,101,8,2169,7,6
POST_000722,ACCOUNT_032,2026-03-08T19:15:00Z,image,Plating masterclass: 3 simple composition techniques that make home cooking look restaurant-grade. Swipe through the steps! #gourmet #foodstyling #cheftips #presentation #tasty #instafood #delicious,3295,198,45486,232,369
POST_000723,ACCOUNT_007,2026-03-09T13:15:00Z,reel,"A calm Sunday reset routine: Decluttering the workspace, intentional meal prep, and setting 3 focus goals for the week ahead. 🌿☕ #sundayreset #mindfulness #habits #slowliving #lifestyle #productivity #selfcare #desksetup #wellness #minimalism",2368,168,39519,219,582
POST_000724,ACCOUNT_004,2026-03-10T19:00:00Z,reel,Hiring our first 5 engineers taught us these critical lessons on team culture and technical alignment. What is your #1 hiring criterion? #leadership #techjobs #management #finance #marketing #entrepreneur #startup #growth,1105,73,35623,84,306
POST_000725,ACCOUNT_027,2026-03-10T19:30:00Z,reel,"Reflecting on the month: 3 things I am grateful for, 2 challenges navigated, and 1 big priority for next month. #journaling #reflection #gratitude #mindfulliving #daily #lifestyle #wellness #productivity #selfcare",151,14,2513,13,31
POST_000726,ACCOUNT_011,2026-03-11T20:45:00Z,reel,Form check breakdown: Notice the hip hinge and neutral spine alignment in slide 2. Tag a gym partner who needs to see this! #fitnesstips #squats #powerlifting #coaching What would you change about this setup?,236,26,4971,15,21
POST_000727,ACCOUNT_033,2026-03-12T17:45:00Z,reel,Hidden coastal gems you must visit in 2026! Slide 4 is an undiscovered bay with crystal-clear waters. Save this for your next itinerary! #travelguide #explore #vacation #bucketlist Drop your thoughts in the comments below! 🔥 #wanderlust #adventure,379,25,7267,33,83
POST_000728,ACCOUNT_001,2026-03-13T16:30:00Z,carousel,"Recovery is where the adaptation actually happens. Prioritize 8 hours of sleep, proper hydration, and scheduled deload weeks. #recovery #restday #wellness #mindset Have you encountered this challenge recently? #health #mobility #training #fitlife #gym #workout #fitness #strength #motivation",791,53,13866,125,43
POST_000729,ACCOUNT_040,2026-03-14T11:30:00Z,reel,Just deployed our new DataFlow model. The latency dropped by 250ms and accuracy reached 97.2%. What benchmark should we test next? #ai #machinelearning #datascience #tech Which approach do you prefer in your daily workflow? #developer #startups #buildinpublic,1054,99,9973,73,220
POST_000730,ACCOUNT_003,2026-03-14T13:45:00Z,reel,"Sunrise over the alpine peaks at 25,000 feet. The silence up here is something you never forget. Have you ever hiked in the Alps? 🏔️✨ #travel #adventure #hiking #wanderlust Share this with someone who is currently working on this!",976,58,15301,78,216
POST_000731,ACCOUNT_025,2026-03-15T16:00:00Z,reel,Mastering complex systems: The Feynman technique explained in 4 visual slides. How do you approach learning difficult concepts? #studygram #knowledge #productivity #growthmindset #upskill,482,49,4470,34,76
POST_000732,ACCOUNT_021,2026-03-15T19:15:00Z,reel,Form check breakdown: Notice the hip hinge and neutral spine alignment in slide 2. Tag a gym partner who needs to see this! #fitnesstips #squats #powerlifting #coaching Drop your thoughts in the comments below! 🔥 #health #training #strength,2984,310,33867,213,355
POST_000733,ACCOUNT_024,2026-03-15T21:15:00Z,carousel,"The anatomy of a high-converting landing page: Clear value proposition, visual proof, and zero distraction CTAs. Check the teardown! #growth #marketing #conversion #business #startup",111,6,1869,13,15
POST_000734,ACCOUNT_029,2026-03-16T19:00:00Z,image,Hosting our monthly live Q&A session this Thursday at 18:00 UTC! What questions do you want us to answer live? Drop them below! #ama #livestream #communityfirst #engagement Save this post for your next project review! #events #conference #creators #collaboration #volunteer #networking,249,21,4527,10,14
POST_000735,ACCOUNT_010,2026-03-17T11:45:00Z,image,Which IDE theme keeps you most productive during late-night build sessions? Drop your setup in the comments! 💻✨ #coding #programming #developer #techlife #tech #machinelearning #ai #datascience #buildinpublic #startups #innovation,437,32,12254,20,53
POST_000736,ACCOUNT_034,2026-03-18T12:00:00Z,image,Hiring our first 25 engineers taught us these critical lessons on team culture and technical alignment. What is your #1 hiring criterion? #leadership #techjobs #management Save this post for your next project review! #strategy #finance #startup #buildinpublic #marketing,235,12,2632,11,31
POST_000737,ACCOUNT_015,2026-03-19T10:45:00Z,image,Top 25 free certifications that actually helped our team land senior engineering roles in 2026. Bookmark this for your weekend upskilling! 📚💡 #career #education #learning #upskill #growthmindset #interview #students #productivity,85,5,1276,7,4
POST_000738,ACCOUNT_014,2026-03-19T15:15:00Z,reel,"The anatomy of a high-converting landing page: Clear value proposition, visual proof, and zero distraction CTAs. Check the teardown! #growth #marketing #conversion #business #leadership",60,6,1256,4,7
POST_000739,ACCOUNT_005,2026-03-20T19:30:00Z,reel,Top 5 free certifications that actually helped our team land senior engineering roles in 2026. Bookmark this for your weekend upskilling! 📚💡 #career #education #learning #upskill #interview #careeradvice #growthmindset,418,52,5815,34,71
POST_000740,ACCOUNT_028,2026-03-22T15:00:00Z,reel,Ranking every boss fight from easiest to nearly impossible. Which boss took you the most attempts? #gaminglife #bossfight #gameplay #streamer,393,23,10434,34,70
POST_000741,ACCOUNT_023,2026-03-22T16:45:00Z,image,Packing light for a 7-day expedition: Everything fits into a single 35L backpack. Here is our essential gear checklist! #solotravel #backpacking #traveltips #gear #vacation #nature #hiking #explore #adventure,219,21,7971,18,14
POST_000742,ACCOUNT_022,2026-03-22T17:30:00Z,carousel,Crispy garlic butter sourdough with slow-roasted tomatoes. The crunch in the first 3 seconds says it all! 🍞🍅 #foodie #baking #recipe #sourdough #homemade What is your experience with this? #instafood #tasty #dinner #cooking,793,74,5951,127,23
POST_000743,ACCOUNT_037,2026-03-23T14:15:00Z,carousel,"Desk setup tour 2026: Minimalist walnut wood, cable management under 15 minutes, and ergonomic lighting. #workspace #desksetup #minimalism #productivity #morningroutine #lifestyle #habits",407,34,9655,59,5
POST_000744,ACCOUNT_030,2026-03-23T19:15:00Z,carousel,Just deployed our new TrendSkope model. The latency dropped by 25ms and accuracy reached 99.1%. What benchmark should we test next? #ai #machinelearning #datascience #tech #software,666,35,6047,89,48
POST_000745,ACCOUNT_018,2026-03-23T19:30:00Z,image,Game design breakdown: Why this opening level is a masterclass in non-verbal player tutorials. #gamedesign #storytelling #videogames #analysis,386,22,11703,14,27
POST_000746,ACCOUNT_017,2026-03-23T19:45:00Z,reel,"Reflecting on the month: 3 things I am grateful for, 2 challenges navigated, and 1 big priority for next month. #journaling #reflection #gratitude #mindfulliving Share this with someone who is currently working on this! #habits #minimalism #mindfulness #wellness #productivity #desksetup #selfcare #morningroutine",239,23,3025,23,31
POST_000747,ACCOUNT_038,2026-03-25T11:15:00Z,image,Ranking every boss fight from easiest to nearly impossible. Which boss took you the most attempts? #gaminglife #bossfight #gameplay #streamer #gaming #videogames #gamer #twitch,98,6,1182,5,6
POST_000748,ACCOUNT_020,2026-03-25T12:00:00Z,image,Which IDE theme keeps you most productive during late-night build sessions? Drop your setup in the comments! 💻✨ #coding #programming #developer #techlife Share this with someone who is currently working on this! #datascience #buildinpublic #startups #machinelearning #ai #innovation,56,4,1898,3,1
POST_000749,ACCOUNT_002,2026-03-25T21:15:00Z,reel,Sunday slow cooking: 12-hour braised beef short ribs falling off the bone. Comfort food at its absolute finest. #slowcooking #comfortfood #dinnerideas #homechef What would you change about this setup? #instafood,283,15,6668,16,44
POST_000750,ACCOUNT_019,2026-03-26T16:45:00Z,reel,Hosting our monthly live Q&A session this Thursday at 18:00 UTC! What questions do you want us to answer live? Drop them below! #ama #livestream #communityfirst #engagement Link in bio for the complete step-by-step breakdown. #networking #hackathon #events #meetup #volunteer #collaboration #community #impact #conference #creators,239,27,3352,14,29
POST_000751,ACCOUNT_013,2026-03-27T15:00:00Z,carousel,Wandering through the historic cobblestone alleys of the old town. Every corner has centuries of stories. #heritage #architecture #wanderer #culture #travelgram,419,31,10397,56,59
POST_000752,ACCOUNT_035,2026-03-27T19:45:00Z,reel,Top 30 free certifications that actually helped our team land senior engineering roles in 2026. Bookmark this for your weekend upskilling! 📚💡 #career #education #learning #upskill #growthmindset,1473,127,17667,140,301
POST_000753,ACCOUNT_039,2026-03-28T10:30:00Z,image,"Recap from our annual creator summit! Over 50 developers and founders gathered in person to share ideas, build prototypes, and collaborate. 🤝✨ #community #meetup #networking #conference #collaboration",157,9,2126,8,7
POST_000754,ACCOUNT_012,2026-03-28T17:45:00Z,carousel,Sunday slow cooking: 12-hour braised beef short ribs falling off the bone. Comfort food at its absolute finest. #slowcooking #comfortfood #dinnerideas #homechef #homemade #recipe #tasty #baking #foodie #instafood #cooking #chef,307,24,4470,51,15
POST_000755,ACCOUNT_031,2026-03-28T19:30:00Z,reel,Form check breakdown: Notice the hip hinge and neutral spine alignment in slide 2. Tag a gym partner who needs to see this! #fitnesstips #squats #powerlifting #coaching #wellness #strength #gym #motivation #mobility,622,65,3985,58,65
POST_000756,ACCOUNT_026,2026-03-28T22:45:00Z,image,"Typography rules every digital designer should know: Hierarchy, optical kerning, and vertical rhythm explained visually! #graphicdesign #typography #ui #designinspiration Drop your thoughts in the comments below! 🔥 #design #photooftheday #art #portrait #cinematic #creative #visualsoflife #branding #photography",611,53,8123,49,40
POST_000757,ACCOUNT_008,2026-03-29T19:15:00Z,image,Game design breakdown: Why this opening level is a masterclass in non-verbal player tutorials. #gamedesign #storytelling #videogames #analysis #battlestation #twitch,622,43,17926,24,79
POST_000758,ACCOUNT_007,2026-03-29T19:45:00Z,carousel,Small daily habits that compound over 50 months into massive life improvements. Which habit are you building right now? #personaldevelopment #routines #mindset #balance #mindfulness #productivity #desksetup #wellness #daily #selfcare,7566,601,41798,1056,1221
POST_000759,ACCOUNT_016,2026-03-31T13:00:00Z,image,"Typography rules every digital designer should know: Hierarchy, optical kerning, and vertical rhythm explained visually! #graphicdesign #typography #ui #designinspiration Share this with someone who is currently working on this! #art #photooftheday #photography",256,17,4148,20,23
POST_000760,ACCOUNT_006,2026-04-01T10:45:00Z,image,Golden hour portrait session in the downtown district. Slide 2 vs Slide 3: Which lighting setup do you prefer? Tell us below! #portraitphotography #goldenhour #visualart #creator #photography,382,36,6711,32,18
POST_001001,ACCOUNT_001,2026-04-01T15:45:00Z,reel,A useful reminder for anyone building and learning: consistency matters. open source #opensource #foss #github,428,66,12724,75,75
POST_000761,ACCOUNT_032,2026-04-01T15:45:00Z,carousel,Sunday slow cooking: 12-hour braised beef short ribs falling off the bone. Comfort food at its absolute finest. #slowcooking #comfortfood #dinnerideas #homechef #dinner,2714,168,47357,480,407
POST_000762,ACCOUNT_011,2026-04-02T11:45:00Z,image,"Recovery is where the adaptation actually happens. Prioritize 8 hours of sleep, proper hydration, and scheduled deload weeks. #recovery #restday #wellness #mindset #mobility #motivation #fitness",157,10,5078,12,3
POST_000763,ACCOUNT_009,2026-04-02T17:30:00Z,carousel,Hosting our monthly live Q&A session this Thursday at 18:00 UTC! What questions do you want us to answer live? Drop them below! #ama #livestream #communityfirst #engagement,304,18,5195,54,37
POST_001002,ACCOUNT_002,2026-04-03T13:15:00Z,reel,What I wish I knew when I started with AI. Share this with someone learning it! #ai #machinelearning #technology,66,15,7099,18,4
POST_000764,ACCOUNT_021,2026-04-03T18:00:00Z,image,Morning mobility routine: 25 minutes to unlock hip flexors and lower back tension before lifting. Save this routine for your next leg day! 🏋️‍♂️🔥 #fitness #mobility #workout #strength Have you encountered this challenge recently? #gym #training,3810,205,32412,288,362
POST_000765,ACCOUNT_036,2026-04-03T20:00:00Z,carousel,Redesigning iconic brand identities using modern brutalist aesthetic principles. Swipe to see the before and after! #branding #logo #designprocess #creative #visualsoflife #photography #design #portrait,286,17,2333,54,24
POST_000766,ACCOUNT_024,2026-04-04T11:00:00Z,carousel,We bootstrap our SaaS to $20k MRR without outside venture capital. Here are the 4 fundamental growth loops we relied on: 📈 #saas #startups #entrepreneurship #bootstrap #strategy #entrepreneur #leadership #business #finance #marketing #startup #growth #buildinpublic,55,5,1707,7,6
POST_001003,ACCOUNT_003,2026-04-05T11:15:00Z,image,One more milestone completed. Here's what web development taught me this week. ✨ #webdevelopment #javascript #software,94,20,5236,14,15
POST_000767,ACCOUNT_027,2026-04-05T18:45:00Z,image,"Reflecting on the month: 3 things I am grateful for, 2 challenges navigated, and 1 big priority for next month. #journaling #reflection #gratitude #mindfulliving Save this post for your next project review! #wellness",134,10,2550,10,10
POST_000768,ACCOUNT_010,2026-04-05T22:15:00Z,reel,5 critical lessons we learned after refactoring our core ML pipeline. Slide 3 is the most important lesson for teams scaling to production! #startups #datascience #engineering,1284,133,14470,87,306
POST_000769,ACCOUNT_033,2026-04-06T10:15:00Z,reel,Wandering through the historic cobblestone alleys of the old town. Every corner has centuries of stories. #heritage #architecture #wanderer #culture #travelgram Link in bio for the complete step-by-step breakdown. #wanderlust #roadtrip,397,47,8041,41,76
POST_000770,ACCOUNT_004,2026-04-06T14:30:00Z,carousel,Hiring our first 20 engineers taught us these critical lessons on team culture and technical alignment. What is your #1 hiring criterion? #leadership #techjobs #management #finance #buildinpublic #strategy #marketing #growth,2028,196,35728,296,184
POST_000771,ACCOUNT_003,2026-04-06T18:00:00Z,image,Road trip diary: 45 miles along the coastal highway with nothing but good music and endless ocean views. Who would you take on this drive? 🚗🌊 #roadtrip #scenic #coastal #escape #travel #backpacking #explore #adventure #travelgram #wanderlust #hiking #vacation #nature,1041,51,13693,66,26
POST_001004,ACCOUNT_004,2026-04-07T18:15:00Z,reel,Three practical things I learned while working on hackathon. Save this for later! #hackathon #build #technology,37,7,4791,7,7
POST_000772,ACCOUNT_001,2026-04-07T18:30:00Z,image,Form check breakdown: Notice the hip hinge and neutral spine alignment in slide 2. Tag a gym partner who needs to see this! #fitnesstips #squats #powerlifting #coaching What would you change about this setup? #workout #health,493,38,11731,25,29
POST_000773,ACCOUNT_015,2026-04-07T19:15:00Z,carousel,Resume audit: 3 common mistakes that get candidates filtered by ATS scanners and how to fix them today. #resumetips #hiring #careergoals #professional #careeradvice,139,13,1429,26,15
POST_000774,ACCOUNT_040,2026-04-09T10:00:00Z,image,Live demo of our real-time analytics interface! Notice how seamless the inference telemetry updates. Tell us your thoughts below 🔥 #technology #uiux #analytics #innovation What would you change about this setup? #startups #developer,596,54,9445,41,7
POST_000775,ACCOUNT_025,2026-04-09T11:30:00Z,image,Top 500 free certifications that actually helped our team land senior engineering roles in 2026. Bookmark this for your weekend upskilling! 📚💡 #career #education #learning #upskill #study #students #productivity #careeradvice,352,30,4655,20,19
POST_001005,ACCOUNT_005,2026-04-10T19:20:00Z,reel,A closer look at coding and a few lessons from today's work. What would you add? #coding #programming #developer,36,7,3886,7,3
POST_000776,ACCOUNT_029,2026-04-11T11:15:00Z,image,Hosting our monthly live Q&A session this Thursday at 18:00 UTC! What questions do you want us to answer live? Drop them below! #ama #livestream #communityfirst #engagement #creators #conference #meetup #volunteer #impact #networking #community #collaboration #events #hackathon,282,18,4141,22,18
POST_001006,ACCOUNT_006,2026-04-11T16:40:00Z,image,From idea to implementation — today's progress on coding. 🚀 #coding #programming #developer,258,38,14232,69,25
POST_000777,ACCOUNT_022,2026-04-11T18:00:00Z,reel,Our secret 30-ingredient reduction sauce that elevates any weeknight pasta. Recipe instructions detailed in the caption! Which pasta shape is your favorite? #pastalover #cheflife #cooking #delicious #baking #tasty #homemade #dinner #foodie #recipe,544,37,6528,58,131
POST_000778,ACCOUNT_018,2026-04-11T19:15:00Z,reel,"Custom PC build complete: Liquid cooling, cable combs, and clean ambient RGB lighting. Rate this battlestation from 1 to 10! 🕹️⚡ #pcbuild #gamingpc #battlestation #setup Which approach do you prefer in your daily workflow? #gaming #gamer",368,34,11582,36,35
POST_000779,ACCOUNT_014,2026-04-11T21:30:00Z,carousel,Product roadmap meeting: Deciding what NOT to build is often 10x more important than adding new features. How does your team prioritize? #productmanagement #strategy #founder #growth #entrepreneur #business #saas #finance #leadership #startup #marketing #buildinpublic,111,8,1212,11,8
POST_001007,ACCOUNT_007,2026-04-14T10:00:00Z,carousel,A simple breakdown of study for anyone getting started. Which part should we explore next? #studygram #students #learning,62,9,5413,15,14
POST_000780,ACCOUNT_034,2026-04-14T10:15:00Z,carousel,"The anatomy of a high-converting landing page: Clear value proposition, visual proof, and zero distraction CTAs. Check the teardown! #growth #marketing #conversion #business #strategy #buildinpublic #leadership #saas #finance",283,17,2538,51,4
POST_000781,ACCOUNT_038,2026-04-14T12:15:00Z,image,Clutched the 1v4 tournament round with only 10 HP remaining! Watch the final flick shot in the last 5 seconds 🔥🎮 #gaming #esports #clutch #gamers #gamer #twitch #pcgaming #gamingcommunity,51,3,1170,2,4
POST_000782,ACCOUNT_002,2026-04-14T19:30:00Z,reel,Street food tour through the night market: From artisan dumplings to spicy skewers! Which dish would you try first? 🍜🔥 #streetfood #foodtravel #culinary #tastetest #instafood #dinner #homemade #tasty #baking,442,42,7363,29,74
POST_000783,ACCOUNT_005,2026-04-14T19:45:00Z,reel,Top 250 free certifications that actually helped our team land senior engineering roles in 2026. Bookmark this for your weekend upskilling! 📚💡 #career #education #learning #upskill,397,24,6117,28,60
POST_000784,ACCOUNT_017,2026-04-14T20:45:00Z,image,Designing a morning routine that you actually look forward to waking up for. What is the very first thing you do in the morning? #morningroutine #selfcare #wellness #lifestyle #habits #daily #minimalism,114,8,2948,5,11
POST_000785,ACCOUNT_023,2026-04-15T19:30:00Z,reel,Hidden coastal gems you must visit in 2026! Slide 4 is an undiscovered bay with crystal-clear waters. Save this for your next itinerary! #travelguide #explore #vacation #bucketlist Which approach do you prefer in your daily workflow? #wanderlust #hiking #travelgram #nature,810,81,7677,65,105
POST_001008,ACCOUNT_008,2026-04-16T09:45:00Z,carousel,A useful reminder for anyone building and learning: consistency matters. UI design #uiux #design #webdesign,178,17,6531,22,9
POST_000786,ACCOUNT_030,2026-04-16T16:15:00Z,image,Deep dive into our engineering architecture: How we handle 25k concurrent data streams with zero downtime. Check the breakdown in our bio link! #softwareengineering #cloud #devops #coding #software #developer #innovation #tech #datascience,353,24,5820,22,18
POST_000787,ACCOUNT_039,2026-04-16T18:15:00Z,reel,Volunteer weekend: Planting 10+ trees in the urban community garden. Huge thank you to everyone who showed up and made a difference! 🌱💚 #giveback #volunteering #sustainability #impact,144,18,2027,15,26
POST_000788,ACCOUNT_028,2026-04-16T19:45:00Z,reel,Ranking every boss fight from easiest to nearly impossible. Which boss took you the most attempts? #gaminglife #bossfight #gameplay #streamer #gamingcommunity #battlestation #gamer,426,32,12398,41,91
POST_000789,ACCOUNT_035,2026-04-17T14:15:00Z,carousel,How to structure your technical portfolio when you have zero formal industry experience: A step-by-step breakdown. Tag a student who needs this! #careeradvice #jobsearch #interviewprep What would you change about this setup? #career #upskill,2320,192,16996,368,29
POST_001009,ACCOUNT_009,2026-04-17T16:15:00Z,image,"Behind the scenes of today's project work. Small improvements, better results. 💻 #linux #opensource #terminal",256,40,10768,41,40
POST_000790,ACCOUNT_012,2026-04-17T18:30:00Z,reel,Sunday slow cooking: 12-hour braised beef short ribs falling off the bone. Comfort food at its absolute finest. #slowcooking #comfortfood #dinnerideas #homechef #tasty #instafood #baking #chef #homemade #cooking #delicious #recipe,636,36,4713,67,133
POST_001010,ACCOUNT_010,2026-04-19T08:15:00Z,carousel,One more milestone completed. Here's what study taught me this week. ✨ #studygram #students #learning,65,11,3249,8,11
POST_000791,ACCOUNT_037,2026-04-19T08:30:00Z,carousel,Designing a morning routine that you actually look forward to waking up for. What is the very first thing you do in the morning? #morningroutine #selfcare #wellness #lifestyle What would you change about this setup? #habits #desksetup #minimalism #productivity #mindfulness #daily,825,87,9951,130,57
POST_000793,ACCOUNT_013,2026-04-19T19:00:00Z,image,Wandering through the historic cobblestone alleys of the old town. Every corner has centuries of stories. #heritage #architecture #wanderer #culture #travelgram #adventure #vacation #backpacking #roadtrip #nature #travel,315,16,11016,24,8
POST_000792,ACCOUNT_007,2026-04-19T19:00:00Z,carousel,"Desk setup tour 2026: Minimalist walnut wood, cable management under 15 minutes, and ergonomic lighting. #workspace #desksetup #minimalism #productivity #habits #lifestyle",4525,437,41223,690,198
POST_001011,ACCOUNT_011,2026-04-21T09:40:00Z,reel,"Experimenting, testing, and learning with AI. What has your experience been? #ai #machinelearning #technology",547,98,18478,114,53
POST_000794,ACCOUNT_011,2026-04-21T10:45:00Z,carousel,Morning mobility routine: 10 minutes to unlock hip flexors and lower back tension before lifting. Save this routine for your next leg day! 🏋️‍♂️🔥 #fitness #mobility #workout #strength Save this post for your next project review! #gym #training #health #motivation #wellness #fitlife,172,12,5034,36,14
POST_000795,ACCOUNT_020,2026-04-21T15:45:00Z,carousel,Live demo of our real-time analytics interface! Notice how seamless the inference telemetry updates. Tell us your thoughts below 🔥 #technology #uiux #analytics #innovation #ai #software #machinelearning,131,11,1936,28,11
POST_000796,ACCOUNT_026,2026-04-21T19:15:00Z,reel,"Typography rules every digital designer should know: Hierarchy, optical kerning, and vertical rhythm explained visually! #graphicdesign #typography #ui #designinspiration #art #portrait #visualsoflife #photooftheday #cinematic",507,41,9157,48,68
POST_000797,ACCOUNT_031,2026-04-22T12:30:00Z,reel,Form check breakdown: Notice the hip hinge and neutral spine alignment in slide 2. Tag a gym partner who needs to see this! #fitnesstips #squats #powerlifting #coaching #health #workout #gym #motivation,163,18,4113,17,28
POST_000798,ACCOUNT_032,2026-04-22T18:15:00Z,reel,Our secret 100-ingredient reduction sauce that elevates any weeknight pasta. Recipe instructions detailed in the caption! Which pasta shape is your favorite? #pastalover #cheflife #cooking,6763,649,53250,396,939
POST_000799,ACCOUNT_019,2026-04-22T20:00:00Z,reel,Volunteer weekend: Planting 50+ trees in the urban community garden. Huge thank you to everyone who showed up and made a difference! 🌱💚 #giveback #volunteering #sustainability #impact What would you change about this setup? #events #collaboration #community #hackathon #volunteer #creators #meetup #conference #networking,332,34,2925,31,20
POST_000800,ACCOUNT_021,2026-04-23T19:45:00Z,carousel,"High-protein pre-workout meal prep under 50 minutes! Simple ingredients, zero complicated steps. Recipe listed below 🥗💪 #nutrition #mealprep #cleaneating #fitlife Have you encountered this challenge recently?",1334,109,33621,215,16
POST_000801,ACCOUNT_027,2026-04-24T18:45:00Z,reel,Small daily habits that compound over 45 months into massive life improvements. Which habit are you building right now? #personaldevelopment #routines #mindset #balance What would you change about this setup? #lifestyle #selfcare #mindfulness #wellness #productivity #minimalism,334,40,2546,34,62
POST_001012,ACCOUNT_012,2026-04-24T19:45:00Z,image,"Quick project update: the challenge, the approach, and what worked. #productivity #growth #careeradvice",192,41,9774,54,25
POST_001013,ACCOUNT_013,2026-04-25T15:00:00Z,reel,A closer look at productivity and a few lessons from today's work. What would you add? #productivity #growth #careeradvice,77,14,5237,8,4
POST_000802,ACCOUNT_008,2026-04-25T18:15:00Z,image,"Custom PC build complete: Liquid cooling, cable combs, and clean ambient RGB lighting. Rate this battlestation from 1 to 10! 🕹️⚡ #pcbuild #gamingpc #battlestation #setup #streamer",1163,94,16229,64,84
POST_000803,ACCOUNT_009,2026-04-26T19:00:00Z,image,Community spotlight: Highlighting the incredible work our members built during last weekend's 48-hour hackathon. Swipe to see the winners! #hackathon #creators #innovation #spotlight #volunteer #networking #events #impact #community #collaboration,339,27,4663,15,41
POST_000804,ACCOUNT_016,2026-04-26T19:45:00Z,carousel,"Behind the lens: Lighting setup diagram, camera settings (ISO 100, f/1.8, 1/500s), and raw color grading curve. Save for your next shoot! #phototips #behindthescenes #lighting #cameragear #photooftheday #branding #graphicdesign #creative #cinematic #visualsoflife #photography #portrait",453,34,4427,75,47
POST_000805,ACCOUNT_015,2026-04-27T10:00:00Z,carousel,Resume audit: 3 common mistakes that get candidates filtered by ATS scanners and how to fix them today. #resumetips #hiring #careergoals #professional #interview #education #careeradvice #students,69,6,1388,13,4
POST_001014,ACCOUNT_014,2026-04-27T15:50:00Z,carousel,Three practical things I learned while working on web development. Save this for later! #webdevelopment #javascript #software,46,6,2487,5,5
POST_000806,ACCOUNT_036,2026-04-27T17:15:00Z,reel,"Behind the lens: Lighting setup diagram, camera settings (ISO 100, f/1.8, 1/500s), and raw color grading curve. Save for your next shoot! #phototips #behindthescenes #lighting #cameragear Save this post for your next project review! #graphicdesign #photography #visualsoflife #branding #portrait #photooftheday #art #design #creative #cinematic",116,12,2324,7,16
POST_000807,ACCOUNT_006,2026-04-28T16:45:00Z,image,Color palette breakdown: Harmonizing complementary warm tones with cool architectural shadows. Shot on 50mm prime lens. 🎨📸 #photography #colorgrading #cinematic #composition #design #portrait #branding #visualsoflife,432,39,6170,18,6
POST_000808,ACCOUNT_024,2026-04-28T18:45:00Z,image,Product roadmap meeting: Deciding what NOT to build is often 10x more important than adding new features. How does your team prioritize? #productmanagement #strategy #founder #entrepreneur #finance,93,6,1890,5,4
POST_001015,ACCOUNT_015,2026-04-29T11:20:00Z,carousel,From idea to implementation — today's progress on community. 🚀 #community #techcommunity #developers,85,14,3259,24,8
POST_000809,ACCOUNT_010,2026-04-29T18:00:00Z,reel,Live demo of our real-time analytics interface! Notice how seamless the inference telemetry updates. Tell us your thoughts below 🔥 #technology #uiux #analytics #innovation #software #machinelearning #tech #datascience,618,71,13391,40,77
POST_000810,ACCOUNT_004,2026-04-29T20:00:00Z,reel,"Year 2 financial review: Unit economics, churn metrics, and customer acquisition payback periods openly documented. Read our full transparent memo in bio! #buildinpublic #finance #transparency #business #strategy #entrepreneur",1085,82,37411,102,126
POST_000811,ACCOUNT_029,2026-04-30T09:15:00Z,image,Volunteer weekend: Planting 5+ trees in the urban community garden. Huge thank you to everyone who showed up and made a difference! 🌱💚 #giveback #volunteering #sustainability #impact Which approach do you prefer in your daily workflow? #events #conference,213,15,3959,13,7
POST_000812,ACCOUNT_040,2026-04-30T20:00:00Z,image,5 critical lessons we learned after refactoring our core ML pipeline. Slide 3 is the most important lesson for teams scaling to production! #startups #datascience #engineering #developer #machinelearning,946,82,9586,40,75
POST_000813,ACCOUNT_001,2026-04-30T20:15:00Z,reel,Morning mobility routine: 3 minutes to unlock hip flexors and lower back tension before lifting. Save this routine for your next leg day! 🏋️‍♂️🔥 #fitness #mobility #workout #strength #fitlife,657,68,13915,55,133
POST_000814,ACCOUNT_022,2026-05-01T08:45:00Z,image,Plating masterclass: 3 simple composition techniques that make home cooking look restaurant-grade. Swipe through the steps! #gourmet #foodstyling #cheftips #presentation Drop your thoughts in the comments below! 🔥 #instafood #chef #tasty,391,29,6376,21,9
POST_000815,ACCOUNT_033,2026-05-01T14:30:00Z,reel,Packing light for a 500-day expedition: Everything fits into a single 35L backpack. Here is our essential gear checklist! #solotravel #backpacking #traveltips #gear Which approach do you prefer in your daily workflow? #vacation #roadtrip #adventure #wanderlust,843,53,7526,66,238
POST_000816,ACCOUNT_018,2026-05-01T20:45:00Z,carousel,Top 500 indie game gems released this quarter that deserve way more attention. Slide 3 is a masterpiece! #indiegames #gamedev #gamingcommunity #pcgaming #gameplay #streamer #videogames #gaming #battlestation #esports #gamer #twitch,655,56,10756,66,47
POST_001016,ACCOUNT_016,2026-05-02T15:15:00Z,reel,A closer look at coding and a few lessons from today's work. What would you add? #coding #programming #developer,37,7,3869,9,9
POST_000817,ACCOUNT_003,2026-05-02T17:15:00Z,reel,Packing light for a 15-day expedition: Everything fits into a single 35L backpack. Here is our essential gear checklist! #solotravel #backpacking #traveltips #gear Share this with someone who is currently working on this!,453,42,13754,25,62
POST_000818,ACCOUNT_025,2026-05-02T19:45:00Z,reel,How to structure your technical portfolio when you have zero formal industry experience: A step-by-step breakdown. Tag a student who needs this! #careeradvice #jobsearch #interviewprep Which approach do you prefer in your daily workflow?,399,37,4796,26,50
POST_000819,ACCOUNT_023,2026-05-04T17:45:00Z,reel,Packing light for a 12-day expedition: Everything fits into a single 35L backpack. Here is our essential gear checklist! #solotravel #backpacking #traveltips #gear #vacation #explore #hiking,576,54,7871,42,51
POST_001017,ACCOUNT_017,2026-05-04T19:40:00Z,reel,"Experimenting, testing, and learning with AI. What has your experience been? #ai #machinelearning #technology",198,33,5845,33,11
POST_000820,ACCOUNT_030,2026-05-05T12:30:00Z,reel,5 critical lessons we learned after refactoring our core ML pipeline. Slide 3 is the most important lesson for teams scaling to production! #startups #datascience #engineering Share this with someone who is currently working on this! #buildinpublic #innovation #software,587,53,6250,52,82
POST_000821,ACCOUNT_014,2026-05-05T13:00:00Z,reel,We bootstrap our SaaS to $50k MRR without outside venture capital. Here are the 4 fundamental growth loops we relied on: 📈 #saas #startups #entrepreneurship #bootstrap #leadership #growth #strategy #buildinpublic #finance #entrepreneur #marketing,69,8,1099,4,11
POST_000822,ACCOUNT_038,2026-05-05T14:15:00Z,reel,"Custom PC build complete: Liquid cooling, cable combs, and clean ambient RGB lighting. Rate this battlestation from 1 to 10! 🕹️⚡ #pcbuild #gamingpc #battlestation #setup Have you encountered this challenge recently? #gamer #gaming #gameplay #videogames #streamer #pcgaming",133,13,1166,15,29
POST_001018,ACCOUNT_018,2026-05-06T08:00:00Z,reel,Three practical things I learned while working on coding. Save this for later! #coding #programming #developer,146,24,15688,23,24
POST_000823,ACCOUNT_002,2026-05-06T10:00:00Z,image,Crispy garlic butter sourdough with slow-roasted tomatoes. The crunch in the first 3 seconds says it all! 🍞🍅 #foodie #baking #recipe #sourdough #homemade Save this post for your next project review!,206,11,7188,11,22
POST_000824,ACCOUNT_039,2026-05-06T15:45:00Z,image,"Recap from our annual creator summit! Over 30 developers and founders gathered in person to share ideas, build prototypes, and collaborate. 🤝✨ #community #meetup #networking #conference Have you encountered this challenge recently? #collaboration #creators #volunteer",174,14,2311,14,10
POST_000825,ACCOUNT_005,2026-05-07T14:30:00Z,image,Top 7 free certifications that actually helped our team land senior engineering roles in 2026. Bookmark this for your weekend upskilling! 📚💡 #career #education #learning #upskill Link in bio for the complete step-by-step breakdown.,598,46,6167,40,57
POST_001019,ACCOUNT_019,2026-05-08T14:10:00Z,image,One more milestone completed. Here's what community taught me this week. ✨ #community #techcommunity #developers,253,44,17986,56,43
POST_000826,ACCOUNT_017,2026-05-08T16:45:00Z,carousel,Small daily habits that compound over 15 months into massive life improvements. Which habit are you building right now? #personaldevelopment #routines #mindset #balance Link in bio for the complete step-by-step breakdown.,304,21,2625,34,29
POST_000827,ACCOUNT_028,2026-05-09T15:00:00Z,image,Ranking every boss fight from easiest to nearly impossible. Which boss took you the most attempts? #gaminglife #bossfight #gameplay #streamer What would you change about this setup? #videogames #esports #gamingcommunity #battlestation #gamer #twitch #pcgaming #gaming,782,54,12664,64,35
POST_001020,ACCOUNT_020,2026-05-09T16:45:00Z,reel,"Behind the scenes of today's project work. Small improvements, better results. 💻 #uiux #design #webdesign",98,13,3970,20,22
POST_000828,ACCOUNT_007,2026-05-09T20:00:00Z,carousel,"Reflecting on the month: 3 things I am grateful for, 2 challenges navigated, and 1 big priority for next month. #journaling #reflection #gratitude #mindfulliving #daily #minimalism",3333,359,42036,713,116
POST_000829,ACCOUNT_037,2026-05-09T20:15:00Z,reel,"Desk setup tour 2026: Minimalist walnut wood, cable management under 15 minutes, and ergonomic lighting. #workspace #desksetup #minimalism #productivity #morningroutine #mindfulness #daily #habits #wellness #selfcare #lifestyle",907,55,10208,52,150
POST_000830,ACCOUNT_026,2026-05-10T15:45:00Z,reel,Color palette breakdown: Harmonizing complementary warm tones with cool architectural shadows. Shot on 30mm prime lens. 🎨📸 #photography #colorgrading #cinematic #composition Link in bio for the complete step-by-step breakdown. #branding #design #visualsoflife,666,42,9424,59,175
POST_000831,ACCOUNT_012,2026-05-10T18:15:00Z,reel,Sunday slow cooking: 12-hour braised beef short ribs falling off the bone. Comfort food at its absolute finest. #slowcooking #comfortfood #dinnerideas #homechef,341,21,5246,28,78
POST_000832,ACCOUNT_032,2026-05-11T11:00:00Z,reel,Crispy garlic butter sourdough with slow-roasted tomatoes. The crunch in the first 3 seconds says it all! 🍞🍅 #foodie #baking #recipe #sourdough #homemade Which approach do you prefer in your daily workflow?,4647,449,48164,350,621
POST_001021,ACCOUNT_021,2026-05-11T16:45:00Z,carousel,"Quick project update: the challenge, the approach, and what worked. #uiux #design #webdesign",163,34,12632,42,20
POST_000833,ACCOUNT_034,2026-05-11T17:30:00Z,image,Product roadmap meeting: Deciding what NOT to build is often 10x more important than adding new features. How does your team prioritize? #productmanagement #strategy #founder #business #saas #leadership #marketing #buildinpublic #finance #startup,223,13,2637,12,7
POST_000834,ACCOUNT_031,2026-05-12T17:30:00Z,reel,Form check breakdown: Notice the hip hinge and neutral spine alignment in slide 2. Tag a gym partner who needs to see this! #fitnesstips #squats #powerlifting #coaching #workout #training #gym #health,103,8,4141,11,24
POST_000835,ACCOUNT_035,2026-05-14T12:15:00Z,image,Mastering complex systems: The Feynman technique explained in 4 visual slides. How do you approach learning difficult concepts? #studygram #knowledge #productivity #growthmindset #careeradvice #study #learning #interview #education #students #upskill #career,970,92,18629,62,55
POST_001022,ACCOUNT_022,2026-05-14T18:15:00Z,carousel,A closer look at UI design and a few lessons from today's work. What would you add? #uiux #design #webdesign,433,83,16123,121,52
POST_000836,ACCOUNT_008,2026-05-14T18:15:00Z,carousel,Game design breakdown: Why this opening level is a masterclass in non-verbal player tutorials. #gamedesign #storytelling #videogames #analysis #gamer #battlestation,870,62,18312,118,107
POST_000837,ACCOUNT_013,2026-05-14T19:15:00Z,image,"Sunrise over the alpine peaks at 45,000 feet. The silence up here is something you never forget. Have you ever hiked in the Alps? 🏔️✨ #travel #adventure #hiking #wanderlust #vacation #explore #nature #roadtrip #backpacking #travelgram",402,34,9801,17,23
POST_000838,ACCOUNT_020,2026-05-15T20:15:00Z,image,Which IDE theme keeps you most productive during late-night build sessions? Drop your setup in the comments! 💻✨ #coding #programming #developer #techlife #software #startups #innovation #tech #machinelearning #ai,115,10,2101,5,12
POST_001023,ACCOUNT_023,2026-05-16T10:30:00Z,image,From idea to implementation — today's progress on productivity. 🚀 #productivity #growth #careeradvice,314,59,17924,53,75
POST_000839,ACCOUNT_009,2026-05-17T11:15:00Z,image,Announcing our local meetup chapters across 20 cities worldwide! Find your local group link in bio and join the community. #networking #events #globalcommunity #collaboration #creators #hackathon,365,33,5106,24,27
POST_000840,ACCOUNT_011,2026-05-17T16:00:00Z,reel,Consistency beats intensity every single time. Here is our 250-week progression breakdown for functional strength. Which goal are you chasing this season? #fitnessjourney #training #health #mobility #wellness #fitlife #fitness #workout,192,17,5197,13,45
POST_000841,ACCOUNT_021,2026-05-17T17:00:00Z,image,Consistency beats intensity every single time. Here is our 30-week progression breakdown for functional strength. Which goal are you chasing this season? #fitnessjourney #training #health #motivation #fitness #strength,1430,96,36919,115,109
POST_000842,ACCOUNT_024,2026-05-17T19:15:00Z,carousel,We bootstrap our SaaS to $30k MRR without outside venture capital. Here are the 4 fundamental growth loops we relied on: 📈 #saas #startups #entrepreneurship #bootstrap What would you change about this setup? #startup #marketing,60,3,1781,8,9
POST_000843,ACCOUNT_027,2026-05-17T20:30:00Z,reel,"Desk setup tour 2026: Minimalist walnut wood, cable management under 15 minutes, and ergonomic lighting. #workspace #desksetup #minimalism #productivity #morningroutine #mindfulness #daily #habits",176,14,2632,13,37
POST_001024,ACCOUNT_024,2026-05-18T10:30:00Z,reel,A closer look at UI design and a few lessons from today's work. What would you add? #uiux #design #webdesign,37,7,3249,11,4
POST_000845,ACCOUNT_019,2026-05-18T19:15:00Z,reel,Community spotlight: Highlighting the incredible work our members built during last weekend's 48-hour hackathon. Swipe to see the winners! #hackathon #creators #innovation #spotlight Have you encountered this challenge recently?,453,36,3255,34,88
POST_000844,ACCOUNT_006,2026-05-18T19:15:00Z,carousel,Color palette breakdown: Harmonizing complementary warm tones with cool architectural shadows. Shot on 10mm prime lens. 🎨📸 #photography #colorgrading #cinematic #composition What is your experience with this? #graphicdesign #design,602,42,6122,95,43
POST_000846,ACCOUNT_004,2026-05-19T08:30:00Z,carousel,Product roadmap meeting: Deciding what NOT to build is often 10x more important than adding new features. How does your team prioritize? #productmanagement #strategy #founder What would you change about this setup?,2580,198,34627,408,78
POST_000847,ACCOUNT_016,2026-05-19T10:15:00Z,reel,Color palette breakdown: Harmonizing complementary warm tones with cool architectural shadows. Shot on 45mm prime lens. 🎨📸 #photography #colorgrading #cinematic #composition #visualsoflife #design #branding #photooftheday,264,22,4951,23,22
POST_000848,ACCOUNT_040,2026-05-19T13:45:00Z,image,Which IDE theme keeps you most productive during late-night build sessions? Drop your setup in the comments! 💻✨ #coding #programming #developer #techlife #startups #tech #innovation,636,35,10338,27,70
POST_000849,ACCOUNT_001,2026-05-19T19:15:00Z,reel,Consistency beats intensity every single time. Here is our 250-week progression breakdown for functional strength. Which goal are you chasing this season? #fitnessjourney #training #health #workout #fitlife #strength #motivation #gym #mobility #wellness #fitness,1286,126,12488,96,121
POST_000850,ACCOUNT_015,2026-05-19T20:30:00Z,carousel,Mastering complex systems: The Feynman technique explained in 4 visual slides. How do you approach learning difficult concepts? #studygram #knowledge #productivity #growthmindset What would you change about this setup? #upskill,44,3,1566,8,4
POST_001025,ACCOUNT_025,2026-05-20T09:20:00Z,reel,A useful reminder for anyone building and learning: consistency matters. UI design #uiux #design #webdesign,91,20,5019,16,12
POST_000851,ACCOUNT_036,2026-05-20T15:00:00Z,carousel,"Typography rules every digital designer should know: Hierarchy, optical kerning, and vertical rhythm explained visually! #graphicdesign #typography #ui #designinspiration #creative #branding #art",112,9,2213,20,1
POST_001026,ACCOUNT_001,2026-05-21T08:40:00Z,image,A simple breakdown of coding for anyone getting started. Which part should we explore next? #coding #programming #developer,198,19,16270,26,18
POST_000852,ACCOUNT_018,2026-05-21T19:45:00Z,carousel,Game design breakdown: Why this opening level is a masterclass in non-verbal player tutorials. #gamedesign #storytelling #videogames #analysis #esports #gamingcommunity,636,39,10286,102,84
POST_000853,ACCOUNT_010,2026-05-22T10:15:00Z,image,Just deployed our new NexusML model. The latency dropped by 3ms and accuracy reached 99.1%. What benchmark should we test next? #ai #machinelearning #datascience #tech,557,35,13620,45,15
POST_000854,ACCOUNT_022,2026-05-23T17:15:00Z,image,Plating masterclass: 3 simple composition techniques that make home cooking look restaurant-grade. Swipe through the steps! #gourmet #foodstyling #cheftips #presentation #homemade #chef #dinner #delicious #baking #foodie #tasty #recipe,383,21,6586,21,40
POST_000856,ACCOUNT_033,2026-05-24T18:00:00Z,image,Hidden coastal gems you must visit in 2026! Slide 4 is an undiscovered bay with crystal-clear waters. Save this for your next itinerary! #travelguide #explore #vacation #bucketlist Which approach do you prefer in your daily workflow? #adventure #backpacking #travelgram,376,18,7772,25,15
POST_000855,ACCOUNT_023,2026-05-24T18:00:00Z,carousel,Packing light for a 50-day expedition: Everything fits into a single 35L backpack. Here is our essential gear checklist! #solotravel #backpacking #traveltips #gear What would you change about this setup? #hiking #adventure #explore,888,63,9405,141,21
POST_001027,ACCOUNT_002,2026-05-24T18:45:00Z,image,A closer look at coding and a few lessons from today's work. What would you add? #coding #programming #developer,312,51,15239,62,21
POST_000857,ACCOUNT_029,2026-05-25T10:00:00Z,reel,Community spotlight: Highlighting the incredible work our members built during last weekend's 48-hour hackathon. Swipe to see the winners! #hackathon #creators #innovation #spotlight #networking #volunteer #community #conference,445,24,4424,38,72
POST_000858,ACCOUNT_038,2026-05-25T15:45:00Z,carousel,Ranking every boss fight from easiest to nearly impossible. Which boss took you the most attempts? #gaminglife #bossfight #gameplay #streamer #battlestation #pcgaming,118,7,1240,23,2
POST_001028,ACCOUNT_003,2026-05-25T17:15:00Z,image,A closer look at coding and a few lessons from today's work. What would you add? #coding #programming #developer,175,30,16286,24,27
POST_000859,ACCOUNT_003,2026-05-25T19:15:00Z,reel,Packing light for a 5-day expedition: Everything fits into a single 35L backpack. Here is our essential gear checklist! #solotravel #backpacking #traveltips #gear Have you encountered this challenge recently? #nature #adventure #wanderlust #roadtrip,365,23,13979,34,76
POST_000860,ACCOUNT_025,2026-05-26T11:00:00Z,reel,Mastering complex systems: The Feynman technique explained in 4 visual slides. How do you approach learning difficult concepts? #studygram #knowledge #productivity #growthmindset Link in bio for the complete step-by-step breakdown. #interview #careeradvice #upskill #study #education,356,22,4584,34,44
POST_000861,ACCOUNT_030,2026-05-26T14:45:00Z,reel,Which IDE theme keeps you most productive during late-night build sessions? Drop your setup in the comments! 💻✨ #coding #programming #developer #techlife #startups #innovation #buildinpublic,269,20,6175,27,42
POST_000862,ACCOUNT_005,2026-05-26T16:00:00Z,reel,"Public speaking masterclass: Overcoming imposter syndrome and delivering clear, impactful conference talks. #publicspeaking #confidence #communication #mentorship What would you change about this setup? #learning #study",614,54,6797,49,152
POST_001029,ACCOUNT_004,2026-05-27T10:20:00Z,reel,What I wish I knew when I started with hackathon. Share this with someone learning it! #hackathon #build #technology,241,25,12610,28,13
POST_000864,ACCOUNT_039,2026-05-28T21:00:00Z,image,Announcing our local meetup chapters across 20 cities worldwide! Find your local group link in bio and join the community. #networking #events #globalcommunity #collaboration #creators,254,21,2142,14,16
POST_000863,ACCOUNT_017,2026-05-28T21:00:00Z,carousel,"A calm Sunday reset routine: Decluttering the workspace, intentional meal prep, and setting 3 focus goals for the week ahead. 🌿☕ #sundayreset #mindfulness #habits #slowliving #selfcare #productivity #morningroutine",231,19,3122,29,8
POST_000865,ACCOUNT_037,2026-05-28T21:15:00Z,carousel,"Reflecting on the month: 3 things I am grateful for, 2 challenges navigated, and 1 big priority for next month. #journaling #reflection #gratitude #mindfulliving",1141,90,10192,140,71
POST_000866,ACCOUNT_014,2026-05-30T13:45:00Z,reel,Product roadmap meeting: Deciding what NOT to build is often 10x more important than adding new features. How does your team prioritize? #productmanagement #strategy #founder Have you encountered this challenge recently? #saas,110,7,1167,10,20
POST_001030,ACCOUNT_005,2026-05-30T15:45:00Z,image,"Experimenting, testing, and learning with productivity. What has your experience been? #productivity #growth #careeradvice",201,34,9755,63,26
POST_000867,ACCOUNT_034,2026-05-30T19:45:00Z,image,"Year 2 financial review: Unit economics, churn metrics, and customer acquisition payback periods openly documented. Read our full transparent memo in bio! #buildinpublic #finance #transparency #leadership #marketing",183,10,2979,15,13
POST_000868,ACCOUNT_012,2026-05-31T13:30:00Z,image,Crispy garlic butter sourdough with slow-roasted tomatoes. The crunch in the first 3 seconds says it all! 🍞🍅 #foodie #baking #recipe #sourdough #homemade Which approach do you prefer in your daily workflow? #cooking #chef #dinner #delicious,323,17,5407,14,36
POST_000869,ACCOUNT_002,2026-05-31T19:15:00Z,image,Our secret 7-ingredient reduction sauce that elevates any weeknight pasta. Recipe instructions detailed in the caption! Which pasta shape is your favorite? #pastalover #cheflife #cooking #tasty #delicious,354,17,6889,27,33
POST_001031,ACCOUNT_006,2026-06-01T18:20:00Z,reel,From idea to implementation — today's progress on productivity. 🚀 #productivity #growth #careeradvice,356,42,10810,78,34
POST_001032,ACCOUNT_007,2026-06-02T12:00:00Z,carousel,One more milestone completed. Here's what AI taught me this week. ✨ #ai #machinelearning #technology,118,21,5701,17,25
POST_000870,ACCOUNT_032,2026-06-02T14:15:00Z,reel,Plating masterclass: 3 simple composition techniques that make home cooking look restaurant-grade. Swipe through the steps! #gourmet #foodstyling #cheftips #presentation What is your experience with this? #tasty #cooking #foodie #dinner #baking #delicious,3484,232,48259,206,708
POST_000871,ACCOUNT_031,2026-06-02T17:00:00Z,reel,"High-protein pre-workout meal prep under 15 minutes! Simple ingredients, zero complicated steps. Recipe listed below 🥗💪 #nutrition #mealprep #cleaneating #fitlife What would you change about this setup? #motivation #training #mobility #strength #workout #gym",340,38,4338,25,67
POST_000872,ACCOUNT_028,2026-06-03T19:15:00Z,image,Top 10 indie game gems released this quarter that deserve way more attention. Slide 3 is a masterpiece! #indiegames #gamedev #gamingcommunity #pcgaming #battlestation #gameplay #streamer #esports,503,37,11598,29,32
POST_000873,ACCOUNT_007,2026-06-03T22:45:00Z,image,Designing a morning routine that you actually look forward to waking up for. What is the very first thing you do in the morning? #morningroutine #selfcare #wellness #lifestyle #productivity #daily #habits,2453,172,41884,188,28
POST_001033,ACCOUNT_008,2026-06-04T14:45:00Z,reel,From idea to implementation — today's progress on web development. 🚀 #webdevelopment #javascript #software,132,29,3756,35,14
POST_000874,ACCOUNT_027,2026-06-06T14:15:00Z,reel,"Desk setup tour 2026: Minimalist walnut wood, cable management under 15 minutes, and ergonomic lighting. #workspace #desksetup #minimalism #productivity",91,8,2705,6,19
POST_001034,ACCOUNT_009,2026-06-06T15:30:00Z,reel,"Behind the scenes of today's project work. Small improvements, better results. 💻 #opensource #foss #github",194,32,10842,30,14
POST_000875,ACCOUNT_026,2026-06-06T18:45:00Z,image,"Behind the lens: Lighting setup diagram, camera settings (ISO 100, f/1.8, 1/500s), and raw color grading curve. Save for your next shoot! #phototips #behindthescenes #lighting #cameragear What would you change about this setup? #photooftheday #branding #graphicdesign #cinematic",514,35,8244,37,21
POST_000876,ACCOUNT_011,2026-06-07T19:00:00Z,reel,Morning mobility routine: 100 minutes to unlock hip flexors and lower back tension before lifting. Save this routine for your next leg day! 🏋️‍♂️🔥 #fitness #mobility #workout #strength Link in bio for the complete step-by-step breakdown. #motivation #gym #health #training #wellness #fitlife,404,25,5250,35,49
POST_000877,ACCOUNT_021,2026-06-07T19:15:00Z,image,"High-protein pre-workout meal prep under 12 minutes! Simple ingredients, zero complicated steps. Recipe listed below 🥗💪 #nutrition #mealprep #cleaneating #fitlife #strength #health #wellness #training",3552,331,31354,285,87
POST_000878,ACCOUNT_009,2026-06-07T19:30:00Z,reel,Community spotlight: Highlighting the incredible work our members built during last weekend's 48-hour hackathon. Swipe to see the winners! #hackathon #creators #innovation #spotlight #networking,379,24,5327,21,90
POST_000879,ACCOUNT_008,2026-06-08T20:00:00Z,carousel,Ranking every boss fight from easiest to nearly impossible. Which boss took you the most attempts? #gaminglife #bossfight #gameplay #streamer Link in bio for the complete step-by-step breakdown. #gamingcommunity #gamer #battlestation #twitch #gaming #pcgaming,426,26,17317,76,64
POST_000880,ACCOUNT_020,2026-06-09T09:00:00Z,reel,Live demo of our real-time analytics interface! Notice how seamless the inference telemetry updates. Tell us your thoughts below 🔥 #technology #uiux #analytics #innovation #tech #coding,68,7,2049,7,15
POST_001035,ACCOUNT_010,2026-06-09T09:45:00Z,reel,"Experimenting, testing, and learning with Linux. What has your experience been? #linux #opensource #terminal",102,18,3078,19,13
POST_000881,ACCOUNT_036,2026-06-09T14:00:00Z,image,Golden hour portrait session in the downtown district. Slide 2 vs Slide 3: Which lighting setup do you prefer? Tell us below! #portraitphotography #goldenhour #visualart #creator #cinematic,133,10,2471,8,9
POST_000882,ACCOUNT_035,2026-06-09T19:00:00Z,image,How to structure your technical portfolio when you have zero formal industry experience: A step-by-step breakdown. Tag a student who needs this! #careeradvice #jobsearch #interviewprep #education #learning #students #productivity #interview #career #study,1438,133,17362,85,97
POST_000883,ACCOUNT_019,2026-06-09T20:00:00Z,reel,Hosting our monthly live Q&A session this Thursday at 18:00 UTC! What questions do you want us to answer live? Drop them below! #ama #livestream #communityfirst #engagement Save this post for your next project review! #networking #hackathon #community #volunteer #impact #collaboration,311,23,2990,18,65
POST_000884,ACCOUNT_013,2026-06-09T21:15:00Z,carousel,Hidden coastal gems you must visit in 2026! Slide 4 is an undiscovered bay with crystal-clear waters. Save this for your next itinerary! #travelguide #explore #vacation #bucketlist #travelgram #travel #wanderlust #adventure #nature,513,41,9872,60,54
POST_000885,ACCOUNT_015,2026-06-10T15:45:00Z,image,Mastering complex systems: The Feynman technique explained in 4 visual slides. How do you approach learning difficult concepts? #studygram #knowledge #productivity #growthmindset Have you encountered this challenge recently? #upskill #study #learning #careeradvice #education #interview,70,4,1410,5,5
POST_000886,ACCOUNT_001,2026-06-11T17:15:00Z,image,"High-protein pre-workout meal prep under 25 minutes! Simple ingredients, zero complicated steps. Recipe listed below 🥗💪 #nutrition #mealprep #cleaneating #fitlife Share this with someone who is currently working on this! #wellness #strength #workout #mobility",619,31,12607,33,39
POST_001036,ACCOUNT_011,2026-06-11T17:30:00Z,reel,A useful reminder for anyone building and learning: consistency matters. AI #ai #machinelearning #technology,116,16,8969,26,7
POST_000888,ACCOUNT_024,2026-06-11T19:30:00Z,reel,"Year 2 financial review: Unit economics, churn metrics, and customer acquisition payback periods openly documented. Read our full transparent memo in bio! #buildinpublic #finance #transparency #startup #entrepreneur",47,3,1831,3,7
POST_000887,ACCOUNT_006,2026-06-11T19:30:00Z,image,Color palette breakdown: Harmonizing complementary warm tones with cool architectural shadows. Shot on 250mm prime lens. 🎨📸 #photography #colorgrading #cinematic #composition #visualsoflife #design #portrait,479,35,6850,27,5
POST_000889,ACCOUNT_018,2026-06-12T11:15:00Z,image,Top 12 indie game gems released this quarter that deserve way more attention. Slide 3 is a masterpiece! #indiegames #gamedev #gamingcommunity #pcgaming Save this post for your next project review! #gamer,1085,55,11178,53,154
POST_000890,ACCOUNT_033,2026-06-12T12:15:00Z,reel,Hidden coastal gems you must visit in 2026! Slide 4 is an undiscovered bay with crystal-clear waters. Save this for your next itinerary! #travelguide #explore #vacation #bucketlist Have you encountered this challenge recently? #wanderlust #nature #roadtrip #hiking,893,73,7185,68,124
POST_001037,ACCOUNT_012,2026-06-12T14:15:00Z,carousel,"Quick project update: the challenge, the approach, and what worked. #productivity #growth #careeradvice",334,51,11410,48,33
POST_000891,ACCOUNT_040,2026-06-13T17:45:00Z,carousel,Deep dive into our engineering architecture: How we handle 15k concurrent data streams with zero downtime. Check the breakdown in our bio link! #softwareengineering #cloud #devops #tech #innovation #datascience #buildinpublic #startups #developer #ai #machinelearning,686,50,10352,95,88
POST_000892,ACCOUNT_029,2026-06-13T19:15:00Z,carousel,Community spotlight: Highlighting the incredible work our members built during last weekend's 48-hour hackathon. Swipe to see the winners! #hackathon #creators #innovation #spotlight Link in bio for the complete step-by-step breakdown.,631,60,4627,99,84
POST_000893,ACCOUNT_004,2026-06-13T21:45:00Z,carousel,"Year 2 financial review: Unit economics, churn metrics, and customer acquisition payback periods openly documented. Read our full transparent memo in bio! #buildinpublic #finance #transparency #strategy #leadership #startup",2166,211,40633,377,27
POST_000894,ACCOUNT_016,2026-06-14T20:00:00Z,carousel,"Behind the lens: Lighting setup diagram, camera settings (ISO 100, f/1.8, 1/500s), and raw color grading curve. Save for your next shoot! #phototips #behindthescenes #lighting #cameragear #branding #photooftheday #design",712,39,5009,140,46
POST_000895,ACCOUNT_010,2026-06-15T10:00:00Z,image,Deep dive into our engineering architecture: How we handle 25k concurrent data streams with zero downtime. Check the breakdown in our bio link! #softwareengineering #cloud #devops #buildinpublic #software #tech #machinelearning #innovation,907,50,14705,72,66
POST_001038,ACCOUNT_013,2026-06-15T19:15:00Z,reel,What I wish I knew when I started with community. Share this with someone learning it! #community #techcommunity #developers,215,45,9695,63,35
POST_000896,ACCOUNT_023,2026-06-16T13:00:00Z,image,Wandering through the historic cobblestone alleys of the old town. Every corner has centuries of stories. #heritage #architecture #wanderer #culture #travelgram #adventure #backpacking #travel,473,38,7980,27,12
POST_000897,ACCOUNT_025,2026-06-16T15:45:00Z,carousel,Top 50 free certifications that actually helped our team land senior engineering roles in 2026. Bookmark this for your weekend upskilling! 📚💡 #career #education #learning #upskill #students #careeradvice #growthmindset #interview #study,363,26,4656,65,31
POST_001039,ACCOUNT_014,2026-06-16T17:00:00Z,carousel,"Experimenting, testing, and learning with Linux. What has your experience been? #linux #opensource #terminal",101,14,6769,16,8
POST_000898,ACCOUNT_037,2026-06-17T11:15:00Z,image,"A calm Sunday reset routine: Decluttering the workspace, intentional meal prep, and setting 3 focus goals for the week ahead. 🌿☕ #sundayreset #mindfulness #habits #slowliving #desksetup #wellness #daily #lifestyle #morningroutine #selfcare",551,35,9208,31,66
POST_000899,ACCOUNT_038,2026-06-17T18:30:00Z,image,Top 3 indie game gems released this quarter that deserve way more attention. Slide 3 is a masterpiece! #indiegames #gamedev #gamingcommunity #pcgaming #esports #gameplay #gaming #gamer #battlestation,44,3,1076,2,5
POST_000900,ACCOUNT_034,2026-06-18T17:45:00Z,reel,We bootstrap our SaaS to $50k MRR without outside venture capital. Here are the 4 fundamental growth loops we relied on: 📈 #saas #startups #entrepreneurship #bootstrap #finance,165,16,2946,12,40
POST_001040,ACCOUNT_015,2026-06-18T19:15:00Z,image,"Quick project update: the challenge, the approach, and what worked. #hackathon #build #technology",307,44,17649,95,77
POST_000901,ACCOUNT_005,2026-06-18T19:45:00Z,image,"Public speaking masterclass: Overcoming imposter syndrome and delivering clear, impactful conference talks. #publicspeaking #confidence #communication #mentorship Have you encountered this challenge recently?",545,33,6433,34,10
POST_000902,ACCOUNT_022,2026-06-18T20:30:00Z,image,Our secret 25-ingredient reduction sauce that elevates any weeknight pasta. Recipe instructions detailed in the caption! Which pasta shape is your favorite? #pastalover #cheflife #cooking Drop your thoughts in the comments below! 🔥 #instafood #baking #delicious #homemade,375,27,6570,16,27
POST_000903,ACCOUNT_030,2026-06-19T11:30:00Z,carousel,Live demo of our real-time analytics interface! Notice how seamless the inference telemetry updates. Tell us your thoughts below 🔥 #technology #uiux #analytics #innovation Link in bio for the complete step-by-step breakdown. #startups #coding #developer,540,42,6651,66,34
POST_000904,ACCOUNT_039,2026-06-20T18:00:00Z,image,Hosting our monthly live Q&A session this Thursday at 18:00 UTC! What questions do you want us to answer live? Drop them below! #ama #livestream #communityfirst #engagement Save this post for your next project review!,184,11,2013,12,3
POST_000905,ACCOUNT_002,2026-06-21T16:30:00Z,reel,Sunday slow cooking: 12-hour braised beef short ribs falling off the bone. Comfort food at its absolute finest. #slowcooking #comfortfood #dinnerideas #homechef #chef #delicious #dinner #tasty #instafood #foodie #recipe #homemade,435,39,7659,46,54
POST_000906,ACCOUNT_003,2026-06-21T18:45:00Z,reel,Road trip diary: 15 miles along the coastal highway with nothing but good music and endless ocean views. Who would you take on this drive? 🚗🌊 #roadtrip #scenic #coastal #escape Drop your thoughts in the comments below! 🔥 #backpacking #explore #wanderlust #nature,1088,126,16768,68,255
POST_001041,ACCOUNT_016,2026-06-21T19:00:00Z,reel,One more milestone completed. Here's what coding taught me this week. ✨ #coding #programming #developer,181,34,15665,27,39
POST_000907,ACCOUNT_031,2026-06-22T10:00:00Z,carousel,Consistency beats intensity every single time. Here is our 30-week progression breakdown for functional strength. Which goal are you chasing this season? #fitnessjourney #training #health #fitness #motivation,470,46,4527,84,27
POST_001042,ACCOUNT_017,2026-06-22T10:50:00Z,image,"Quick project update: the challenge, the approach, and what worked. #community #techcommunity #developers",69,8,3754,12,14
POST_000908,ACCOUNT_017,2026-06-24T08:30:00Z,reel,"Desk setup tour 2026: Minimalist walnut wood, cable management under 15 minutes, and ergonomic lighting. #workspace #desksetup #minimalism #productivity #wellness #lifestyle #morningroutine #daily",164,11,3069,10,27
POST_001043,ACCOUNT_018,2026-06-24T10:50:00Z,image,From idea to implementation — today's progress on productivity. 🚀 #productivity #growth #careeradvice,343,46,17336,38,20
POST_000909,ACCOUNT_032,2026-06-24T19:45:00Z,image,Sunday slow cooking: 12-hour braised beef short ribs falling off the bone. Comfort food at its absolute finest. #slowcooking #comfortfood #dinnerideas #homechef Drop your thoughts in the comments below! 🔥 #delicious #chef #tasty #baking #cooking #recipe #dinner #foodie,3869,295,49530,204,118
POST_000910,ACCOUNT_026,2026-06-25T18:00:00Z,reel,"Behind the lens: Lighting setup diagram, camera settings (ISO 100, f/1.8, 1/500s), and raw color grading curve. Save for your next shoot! #phototips #behindthescenes #lighting #cameragear Have you encountered this challenge recently? #graphicdesign #portrait #art #visualsoflife #cinematic #branding",799,77,9511,51,134
POST_000911,ACCOUNT_014,2026-06-25T18:15:00Z,reel,"Year 2 financial review: Unit economics, churn metrics, and customer acquisition payback periods openly documented. Read our full transparent memo in bio! #buildinpublic #finance #transparency #marketing #growth #entrepreneur #business",186,11,1235,13,34
POST_000912,ACCOUNT_012,2026-06-26T19:15:00Z,image,Plating masterclass: 3 simple composition techniques that make home cooking look restaurant-grade. Swipe through the steps! #gourmet #foodstyling #cheftips #presentation Have you encountered this challenge recently?,168,14,5557,7,9
POST_001044,ACCOUNT_019,2026-06-27T13:45:00Z,reel,Three practical things I learned while working on AI. Save this for later! #ai #machinelearning #technology,288,58,15334,84,33
POST_001045,ACCOUNT_020,2026-06-28T08:45:00Z,image,What I wish I knew when I started with study. Share this with someone learning it! #studygram #students #learning,106,15,14029,26,6
POST_000913,ACCOUNT_028,2026-06-28T11:30:00Z,reel,Game design breakdown: Why this opening level is a masterclass in non-verbal player tutorials. #gamedesign #storytelling #videogames #analysis #esports #battlestation #gaming #gamingcommunity #gamer,1061,68,12815,111,162
POST_000914,ACCOUNT_035,2026-06-29T17:30:00Z,carousel,How to structure your technical portfolio when you have zero formal industry experience: A step-by-step breakdown. Tag a student who needs this! #careeradvice #jobsearch #interviewprep Which approach do you prefer in your daily workflow?,1317,129,18530,202,156
POST_000915,ACCOUNT_007,2026-06-30T10:15:00Z,reel,Designing a morning routine that you actually look forward to waking up for. What is the very first thing you do in the morning? #morningroutine #selfcare #wellness #lifestyle #daily,2966,177,35253,202,577
POST_000916,ACCOUNT_021,2026-06-30T10:30:00Z,image,Consistency beats intensity every single time. Here is our 250-week progression breakdown for functional strength. Which goal are you chasing this season? #fitnessjourney #training #health #mobility #wellness #strength #fitness #motivation #workout,2978,249,33152,164,34
POST_000917,ACCOUNT_020,2026-06-30T17:30:00Z,image,5 critical lessons we learned after refactoring our core ML pipeline. Slide 3 is the most important lesson for teams scaling to production! #startups #datascience #engineering Save this post for your next project review! #ai #coding #tech #machinelearning,74,6,1820,5,7
POST_001046,ACCOUNT_021,2026-07-01T10:50:00Z,reel,A simple breakdown of open source for anyone getting started. Which part should we explore next? #opensource #foss #github,164,26,15987,49,26
POST_000918,ACCOUNT_018,2026-07-01T12:00:00Z,reel,Game design breakdown: Why this opening level is a masterclass in non-verbal player tutorials. #gamedesign #storytelling #videogames #analysis What is your experience with this? #twitch #gameplay #pcgaming #streamer #esports,1105,83,11224,98,168
POST_000919,ACCOUNT_033,2026-07-01T22:15:00Z,image,Road trip diary: 5 miles along the coastal highway with nothing but good music and endless ocean views. Who would you take on this drive? 🚗🌊 #roadtrip #scenic #coastal #escape Which approach do you prefer in your daily workflow? #nature #vacation,751,35,8734,39,27
POST_000920,ACCOUNT_006,2026-07-02T10:00:00Z,image,"Behind the lens: Lighting setup diagram, camera settings (ISO 100, f/1.8, 1/500s), and raw color grading curve. Save for your next shoot! #phototips #behindthescenes #lighting #cameragear What is your experience with this?",365,25,6471,30,34
POST_000921,ACCOUNT_029,2026-07-02T11:45:00Z,image,"Recap from our annual creator summit! Over 15 developers and founders gathered in person to share ideas, build prototypes, and collaborate. 🤝✨ #community #meetup #networking #conference #impact #collaboration #events #creators",273,25,4040,19,7
POST_000922,ACCOUNT_027,2026-07-02T14:45:00Z,image,"Desk setup tour 2026: Minimalist walnut wood, cable management under 15 minutes, and ergonomic lighting. #workspace #desksetup #minimalism #productivity Save this post for your next project review! #wellness #morningroutine #habits",100,8,2494,5,7
POST_000923,ACCOUNT_009,2026-07-02T18:15:00Z,reel,Volunteer weekend: Planting 45+ trees in the urban community garden. Huge thank you to everyone who showed up and made a difference! 🌱💚 #giveback #volunteering #sustainability #impact #events #volunteer #networking #conference #creators #community #meetup #hackathon #collaboration,150,10,5085,14,25
POST_001047,ACCOUNT_022,2026-07-02T19:50:00Z,carousel,"Experimenting, testing, and learning with coding. What has your experience been? #coding #programming #developer",113,15,6791,21,21
POST_000924,ACCOUNT_001,2026-07-03T15:00:00Z,carousel,"Recovery is where the adaptation actually happens. Prioritize 8 hours of sleep, proper hydration, and scheduled deload weeks. #recovery #restday #wellness #mindset #mobility #motivation #training #fitlife",864,67,13537,96,138
POST_000925,ACCOUNT_011,2026-07-03T18:00:00Z,image,Consistency beats intensity every single time. Here is our 10-week progression breakdown for functional strength. Which goal are you chasing this season? #fitnessjourney #training #health,167,8,5002,13,10
POST_000926,ACCOUNT_019,2026-07-04T08:45:00Z,reel,Volunteer weekend: Planting 10+ trees in the urban community garden. Huge thank you to everyone who showed up and made a difference! 🌱💚 #giveback #volunteering #sustainability #impact #collaboration #events,222,11,3179,20,27
POST_001048,ACCOUNT_023,2026-07-04T09:20:00Z,carousel,A simple breakdown of study for anyone getting started. Which part should we explore next? #studygram #students #learning,41,6,5744,5,4
POST_000927,ACCOUNT_015,2026-07-04T11:45:00Z,carousel,Top 3 free certifications that actually helped our team land senior engineering roles in 2026. Bookmark this for your weekend upskilling! 📚💡 #career #education #learning #upskill #growthmindset,169,13,1320,34,9
POST_000928,ACCOUNT_008,2026-07-06T11:45:00Z,image,"Custom PC build complete: Liquid cooling, cable combs, and clean ambient RGB lighting. Rate this battlestation from 1 to 10! 🕹️⚡ #pcbuild #gamingpc #battlestation #setup #gamingcommunity #gameplay #twitch #streamer #esports #videogames #gaming",819,67,17884,31,97
POST_000929,ACCOUNT_036,2026-07-06T11:45:00Z,carousel,Golden hour portrait session in the downtown district. Slide 2 vs Slide 3: Which lighting setup do you prefer? Tell us below! #portraitphotography #goldenhour #visualart #creator #graphicdesign #portrait #photography #visualsoflife #art #branding,198,18,2269,40,3
POST_000930,ACCOUNT_013,2026-07-06T16:30:00Z,reel,"Sunrise over the alpine peaks at 10,000 feet. The silence up here is something you never forget. Have you ever hiked in the Alps? 🏔️✨ #travel #adventure #hiking #wanderlust Which approach do you prefer in your daily workflow? #backpacking",565,40,10777,62,124
POST_000931,ACCOUNT_024,2026-07-06T18:30:00Z,reel,"Year 2 financial review: Unit economics, churn metrics, and customer acquisition payback periods openly documented. Read our full transparent memo in bio! #buildinpublic #finance #transparency Which approach do you prefer in your daily workflow? #startup #entrepreneur",206,24,1770,12,40
POST_001049,ACCOUNT_024,2026-07-07T11:50:00Z,carousel,"Behind the scenes of today's project work. Small improvements, better results. 💻 #hackathon #build #technology",249,26,8082,34,14
POST_000932,ACCOUNT_025,2026-07-07T14:45:00Z,reel,Resume audit: 3 common mistakes that get candidates filtered by ATS scanners and how to fix them today. #resumetips #hiring #careergoals #professional #growthmindset #productivity #upskill #study #career #students #education #interview #careeradvice #learning,339,39,4217,33,54
POST_000933,ACCOUNT_034,2026-07-07T18:30:00Z,carousel,Hiring our first 20 engineers taught us these critical lessons on team culture and technical alignment. What is your #1 hiring criterion? #leadership #techjobs #management #business #entrepreneur #finance #buildinpublic #strategy #saas #startup #marketing #growth,175,12,2788,21,20
POST_000934,ACCOUNT_040,2026-07-08T10:15:00Z,image,Live demo of our real-time analytics interface! Notice how seamless the inference telemetry updates. Tell us your thoughts below 🔥 #technology #uiux #analytics #innovation #coding #software #datascience #ai,722,45,9398,38,94
POST_000935,ACCOUNT_038,2026-07-08T10:30:00Z,reel,Top 45 indie game gems released this quarter that deserve way more attention. Slide 3 is a masterpiece! #indiegames #gamedev #gamingcommunity #pcgaming Which approach do you prefer in your daily workflow? #videogames,57,3,1092,5,7
POST_001050,ACCOUNT_025,2026-07-08T12:10:00Z,carousel,"Quick project update: the challenge, the approach, and what worked. #hackathon #build #technology",130,22,8432,28,29
POST_000936,ACCOUNT_010,2026-07-08T19:15:00Z,carousel,Live demo of our real-time analytics interface! Notice how seamless the inference telemetry updates. Tell us your thoughts below 🔥 #technology #uiux #analytics #innovation Link in bio for the complete step-by-step breakdown. #startups #coding #tech,591,45,13991,86,15
POST_000937,ACCOUNT_037,2026-07-09T13:30:00Z,image,Designing a morning routine that you actually look forward to waking up for. What is the very first thing you do in the morning? #morningroutine #selfcare #wellness #lifestyle,921,54,10725,65,26
POST_000938,ACCOUNT_039,2026-07-09T17:15:00Z,image,Community spotlight: Highlighting the incredible work our members built during last weekend's 48-hour hackathon. Swipe to see the winners! #hackathon #creators #innovation #spotlight Drop your thoughts in the comments below! 🔥 #collaboration,323,25,2258,13,7
POST_000939,ACCOUNT_004,2026-07-09T17:30:00Z,reel,"The anatomy of a high-converting landing page: Clear value proposition, visual proof, and zero distraction CTAs. Check the teardown! #growth #marketing #conversion #business #entrepreneur #finance #saas",2127,180,38764,145,443
POST_000940,ACCOUNT_030,2026-07-09T19:30:00Z,carousel,Deep dive into our engineering architecture: How we handle 10k concurrent data streams with zero downtime. Check the breakdown in our bio link! #softwareengineering #cloud #devops #coding #buildinpublic #machinelearning #ai #software,449,30,6090,73,32
POST_000941,ACCOUNT_016,2026-07-09T20:30:00Z,carousel,Redesigning iconic brand identities using modern brutalist aesthetic principles. Swipe to see the before and after! #branding #logo #designprocess #creative #graphicdesign #portrait #design #photooftheday #photography #art #cinematic #visualsoflife,128,14,4135,17,18
POST_001051,ACCOUNT_001,2026-07-11T08:40:00Z,reel,"Quick project update: the challenge, the approach, and what worked. #webdevelopment #javascript #software",108,14,7359,30,16
POST_000942,ACCOUNT_023,2026-07-11T19:00:00Z,reel,Hidden coastal gems you must visit in 2026! Slide 4 is an undiscovered bay with crystal-clear waters. Save this for your next itinerary! #travelguide #explore #vacation #bucketlist #adventure #nature #hiking #travelgram #wanderlust,598,36,7947,59,83
POST_001052,ACCOUNT_002,2026-07-12T09:00:00Z,reel,One more milestone completed. Here's what AI taught me this week. ✨ #ai #machinelearning #technology,515,58,17472,119,60
POST_000943,ACCOUNT_031,2026-07-12T11:30:00Z,reel,"High-protein pre-workout meal prep under 5 minutes! Simple ingredients, zero complicated steps. Recipe listed below 🥗💪 #nutrition #mealprep #cleaneating #fitlife What is your experience with this?",490,31,4889,29,76
POST_000944,ACCOUNT_022,2026-07-12T19:15:00Z,reel,Street food tour through the night market: From artisan dumplings to spicy skewers! Which dish would you try first? 🍜🔥 #streetfood #foodtravel #culinary #tastetest Link in bio for the complete step-by-step breakdown. #tasty,630,57,6001,63,73
POST_000945,ACCOUNT_005,2026-07-12T20:15:00Z,image,Mastering complex systems: The Feynman technique explained in 4 visual slides. How do you approach learning difficult concepts? #studygram #knowledge #productivity #growthmindset Have you encountered this challenge recently? #upskill #careeradvice,649,49,6968,31,45
POST_000946,ACCOUNT_032,2026-07-14T12:30:00Z,carousel,Sunday slow cooking: 12-hour braised beef short ribs falling off the bone. Comfort food at its absolute finest. #slowcooking #comfortfood #dinnerideas #homechef Share this with someone who is currently working on this! #foodie #recipe #instafood #tasty #cooking #homemade,4147,364,58362,691,52
POST_001053,ACCOUNT_003,2026-07-15T08:45:00Z,carousel,One more milestone completed. Here's what coding taught me this week. ✨ #coding #programming #developer,52,5,3759,11,9
POST_000947,ACCOUNT_002,2026-07-16T08:00:00Z,reel,Sunday slow cooking: 12-hour braised beef short ribs falling off the bone. Comfort food at its absolute finest. #slowcooking #comfortfood #dinnerideas #homechef #delicious #homemade #baking #instafood,303,31,6779,26,31
POST_000948,ACCOUNT_026,2026-07-16T19:15:00Z,reel,Golden hour portrait session in the downtown district. Slide 2 vs Slide 3: Which lighting setup do you prefer? Tell us below! #portraitphotography #goldenhour #visualart #creator,953,68,9774,63,114
POST_001054,ACCOUNT_004,2026-07-17T10:45:00Z,reel,From idea to implementation — today's progress on AI. 🚀 #ai #machinelearning #technology,88,15,3848,19,20
POST_001055,ACCOUNT_005,2026-07-18T08:45:00Z,reel,"Behind the scenes of today's project work. Small improvements, better results. 💻 #productivity #growth #careeradvice",96,20,7467,14,14
POST_000949,ACCOUNT_003,2026-07-18T19:15:00Z,reel,Road trip diary: 20 miles along the coastal highway with nothing but good music and endless ocean views. Who would you take on this drive? 🚗🌊 #roadtrip #scenic #coastal #escape Which approach do you prefer in your daily workflow? #travel #nature #vacation #backpacking #wanderlust #explore #adventure,1094,98,16373,77,200
POST_000950,ACCOUNT_014,2026-07-20T10:30:00Z,carousel,"The anatomy of a high-converting landing page: Clear value proposition, visual proof, and zero distraction CTAs. Check the teardown! #growth #marketing #conversion #business #leadership #startup",91,6,1287,10,14
POST_001056,ACCOUNT_006,2026-07-20T19:10:00Z,reel,One more milestone completed. Here's what productivity taught me this week. ✨ #productivity #growth #careeradvice,47,10,6440,13,5
POST_000951,ACCOUNT_012,2026-07-20T19:15:00Z,image,Plating masterclass: 3 simple composition techniques that make home cooking look restaurant-grade. Swipe through the steps! #gourmet #foodstyling #cheftips #presentation #instafood #dinner,520,42,4739,43,18
POST_000952,ACCOUNT_017,2026-07-20T20:30:00Z,carousel,"A calm Sunday reset routine: Decluttering the workspace, intentional meal prep, and setting 3 focus goals for the week ahead. 🌿☕ #sundayreset #mindfulness #habits #slowliving Link in bio for the complete step-by-step breakdown. #minimalism #wellness #lifestyle",175,15,3020,21,21
POST_000953,ACCOUNT_033,2026-07-21T19:45:00Z,image,Packing light for a 20-day expedition: Everything fits into a single 35L backpack. Here is our essential gear checklist! #solotravel #backpacking #traveltips #gear #roadtrip #hiking #travel #wanderlust #vacation,509,28,7238,39,59
POST_000954,ACCOUNT_006,2026-07-21T20:45:00Z,reel,"Typography rules every digital designer should know: Hierarchy, optical kerning, and vertical rhythm explained visually! #graphicdesign #typography #ui #designinspiration #portrait #design #cinematic #photography #branding",326,18,6023,21,60
POST_000955,ACCOUNT_009,2026-07-22T10:45:00Z,image,Community spotlight: Highlighting the incredible work our members built during last weekend's 48-hour hackathon. Swipe to see the winners! #hackathon #creators #innovation #spotlight #collaboration #networking #community #conference #volunteer #impact #meetup #events,228,18,5433,11,10
POST_001057,ACCOUNT_007,2026-07-23T09:15:00Z,reel,"Behind the scenes of today's project work. Small improvements, better results. 💻 #linux #opensource #terminal",171,27,12639,46,35
POST_000956,ACCOUNT_021,2026-07-23T15:30:00Z,reel,Form check breakdown: Notice the hip hinge and neutral spine alignment in slide 2. Tag a gym partner who needs to see this! #fitnesstips #squats #powerlifting #coaching #gym #wellness #training #fitness #workout #motivation,2989,320,38423,182,563
POST_000957,ACCOUNT_028,2026-07-23T19:15:00Z,reel,Top 20 indie game gems released this quarter that deserve way more attention. Slide 3 is a masterpiece! #indiegames #gamedev #gamingcommunity #pcgaming Which approach do you prefer in your daily workflow? #gameplay #gaming #twitch #battlestation #streamer #videogames,1664,195,12362,124,376
POST_001058,ACCOUNT_008,2026-07-24T13:15:00Z,image,"Quick project update: the challenge, the approach, and what worked. #coding #programming #developer",112,15,5192,14,11
POST_000958,ACCOUNT_007,2026-07-25T15:45:00Z,image,"Reflecting on the month: 3 things I am grateful for, 2 challenges navigated, and 1 big priority for next month. #journaling #reflection #gratitude #mindfulliving What would you change about this setup? #wellness #desksetup",4118,247,40237,298,320
POST_000959,ACCOUNT_015,2026-07-25T20:15:00Z,image,"Public speaking masterclass: Overcoming imposter syndrome and delivering clear, impactful conference talks. #publicspeaking #confidence #communication #mentorship What is your experience with this?",87,6,1458,6,5
POST_001059,ACCOUNT_009,2026-07-26T10:45:00Z,reel,Three practical things I learned while working on hackathon. Save this for later! #hackathon #build #technology,150,14,13133,24,11
POST_000960,ACCOUNT_035,2026-07-26T11:00:00Z,reel,Mastering complex systems: The Feynman technique explained in 4 visual slides. How do you approach learning difficult concepts? #studygram #knowledge #productivity #growthmindset #students #interview #learning #careeradvice #career #upskill,1141,75,19785,99,203
POST_000961,ACCOUNT_020,2026-07-26T19:30:00Z,reel,Live demo of our real-time analytics interface! Notice how seamless the inference telemetry updates. Tell us your thoughts below 🔥 #technology #uiux #analytics #innovation Which approach do you prefer in your daily workflow? #ai #datascience #startups,140,12,1768,14,32
POST_000962,ACCOUNT_027,2026-07-27T10:30:00Z,carousel,"Reflecting on the month: 3 things I am grateful for, 2 challenges navigated, and 1 big priority for next month. #journaling #reflection #gratitude #mindfulliving #morningroutine",82,8,2343,11,4
POST_000963,ACCOUNT_001,2026-07-28T11:45:00Z,reel,Consistency beats intensity every single time. Here is our 45-week progression breakdown for functional strength. Which goal are you chasing this season? #fitnessjourney #training #health,1552,97,13003,99,225
POST_001060,ACCOUNT_010,2026-07-28T14:40:00Z,image,"Experimenting, testing, and learning with hackathon. What has your experience been? #hackathon #build #technology",52,13,6926,17,10
POST_000964,ACCOUNT_019,2026-07-28T15:15:00Z,carousel,Announcing our local meetup chapters across 250 cities worldwide! Find your local group link in bio and join the community. #networking #events #globalcommunity #collaboration #meetup #volunteer #conference #creators #community #impact,214,17,3124,41,24
POST_000965,ACCOUNT_029,2026-07-29T10:15:00Z,carousel,Announcing our local meetup chapters across 12 cities worldwide! Find your local group link in bio and join the community. #networking #events #globalcommunity #collaboration Share this with someone who is currently working on this! #hackathon #creators #community #impact,665,40,4282,74,55
POST_000966,ACCOUNT_016,2026-07-29T10:30:00Z,image,Golden hour portrait session in the downtown district. Slide 2 vs Slide 3: Which lighting setup do you prefer? Tell us below! #portraitphotography #goldenhour #visualart #creator Which approach do you prefer in your daily workflow? #photooftheday #visualsoflife #creative,229,17,4871,9,22
POST_000967,ACCOUNT_011,2026-07-29T16:00:00Z,carousel,"Recovery is where the adaptation actually happens. Prioritize 8 hours of sleep, proper hydration, and scheduled deload weeks. #recovery #restday #wellness #mindset #motivation #strength #training #fitness",329,19,4830,48,50
POST_000968,ACCOUNT_008,2026-07-29T17:00:00Z,reel,Clutched the 1v4 tournament round with only 7 HP remaining! Watch the final flick shot in the last 5 seconds 🔥🎮 #gaming #esports #clutch #gamers #gamer #pcgaming #videogames #twitch #battlestation,711,56,17006,70,152
POST_000969,ACCOUNT_010,2026-07-29T18:30:00Z,carousel,Live demo of our real-time analytics interface! Notice how seamless the inference telemetry updates. Tell us your thoughts below 🔥 #technology #uiux #analytics #innovation What would you change about this setup? #buildinpublic #coding,671,45,15059,113,30
POST_001061,ACCOUNT_011,2026-07-30T09:50:00Z,image,"Behind the scenes of today's project work. Small improvements, better results. 💻 #webdevelopment #javascript #software",23,5,2334,6,5
POST_000970,ACCOUNT_040,2026-07-30T10:30:00Z,image,Deep dive into our engineering architecture: How we handle 50k concurrent data streams with zero downtime. Check the breakdown in our bio link! #softwareengineering #cloud #devops #datascience #innovation #tech #buildinpublic #developer #coding #ai #machinelearning #software #startups,610,56,9533,26,18
POST_000971,ACCOUNT_037,2026-07-30T13:45:00Z,carousel,"Reflecting on the month: 3 things I am grateful for, 2 challenges navigated, and 1 big priority for next month. #journaling #reflection #gratitude #mindfulliving",1132,81,10764,194,14
POST_000972,ACCOUNT_023,2026-07-31T09:30:00Z,carousel,Wandering through the historic cobblestone alleys of the old town. Every corner has centuries of stories. #heritage #architecture #wanderer #culture #travelgram #backpacking #adventure #vacation #wanderlust #hiking,1403,146,9614,246,132
POST_000973,ACCOUNT_024,2026-08-01T13:00:00Z,carousel,Hiring our first 30 engineers taught us these critical lessons on team culture and technical alignment. What is your #1 hiring criterion? #leadership #techjobs #management #marketing #growth #buildinpublic #finance #business #saas #startup #strategy,190,17,1950,32,2
POST_001062,ACCOUNT_012,2026-08-01T14:15:00Z,reel,What I wish I knew when I started with community. Share this with someone learning it! #community #techcommunity #developers,62,7,3066,9,8
POST_000974,ACCOUNT_031,2026-08-01T18:00:00Z,reel,"Recovery is where the adaptation actually happens. Prioritize 8 hours of sleep, proper hydration, and scheduled deload weeks. #recovery #restday #wellness #mindset #gym #strength #workout #training",332,39,4391,31,70
POST_000975,ACCOUNT_036,2026-08-02T10:45:00Z,image,Color palette breakdown: Harmonizing complementary warm tones with cool architectural shadows. Shot on 7mm prime lens. 🎨📸 #photography #colorgrading #cinematic #composition Which approach do you prefer in your daily workflow? #art,111,7,2385,7,3
POST_000976,ACCOUNT_022,2026-08-02T14:30:00Z,carousel,Sunday slow cooking: 12-hour braised beef short ribs falling off the bone. Comfort food at its absolute finest. #slowcooking #comfortfood #dinnerideas #homechef What is your experience with this? #delicious #recipe,564,43,6983,96,14
POST_000977,ACCOUNT_013,2026-08-02T17:45:00Z,carousel,Wandering through the historic cobblestone alleys of the old town. Every corner has centuries of stories. #heritage #architecture #wanderer #culture #travelgram Save this post for your next project review!,606,37,9280,117,8
POST_000978,ACCOUNT_025,2026-08-03T14:15:00Z,reel,Resume audit: 3 common mistakes that get candidates filtered by ATS scanners and how to fix them today. #resumetips #hiring #careergoals #professional #careeradvice,415,37,5248,27,74
POST_001063,ACCOUNT_013,2026-08-03T19:50:00Z,reel,What I wish I knew when I started with community. Share this with someone learning it! #community #techcommunity #developers,132,18,9820,34,24
POST_000979,ACCOUNT_002,2026-08-04T19:00:00Z,image,Sunday slow cooking: 12-hour braised beef short ribs falling off the bone. Comfort food at its absolute finest. #slowcooking #comfortfood #dinnerideas #homechef Have you encountered this challenge recently? #dinner #cooking #delicious #recipe #chef,452,28,6559,26,13
POST_000980,ACCOUNT_004,2026-08-05T21:30:00Z,image,Hiring our first 5 engineers taught us these critical lessons on team culture and technical alignment. What is your #1 hiring criterion? #leadership #techjobs #management #business #finance,2252,186,37247,92,174
POST_001064,ACCOUNT_014,2026-08-06T11:40:00Z,carousel,Three practical things I learned while working on community. Save this for later! #community #techcommunity #developers,41,7,4712,4,5
POST_000981,ACCOUNT_026,2026-08-08T16:30:00Z,image,"Typography rules every digital designer should know: Hierarchy, optical kerning, and vertical rhythm explained visually! #graphicdesign #typography #ui #designinspiration What would you change about this setup? #creative",344,32,8614,28,25
POST_001065,ACCOUNT_015,2026-08-08T18:10:00Z,carousel,A closer look at coding and a few lessons from today's work. What would you add? #coding #programming #developer,101,13,17017,29,7
POST_000982,ACCOUNT_003,2026-08-09T19:45:00Z,carousel,Wandering through the historic cobblestone alleys of the old town. Every corner has centuries of stories. #heritage #architecture #wanderer #culture #travelgram Link in bio for the complete step-by-step breakdown. #explore #adventure,3220,168,16673,472,128
POST_001066,ACCOUNT_016,2026-08-10T19:10:00Z,reel,A simple breakdown of productivity for anyone getting started. Which part should we explore next? #productivity #growth #careeradvice,32,3,2348,6,4
POST_001067,ACCOUNT_017,2026-08-11T17:50:00Z,image,"Experimenting, testing, and learning with productivity. What has your experience been? #productivity #growth #careeradvice",261,31,16403,79,57
POST_000983,ACCOUNT_017,2026-08-13T11:45:00Z,image,Small daily habits that compound over 250 months into massive life improvements. Which habit are you building right now? #personaldevelopment #routines #mindset #balance #wellness #lifestyle #habits #daily #desksetup,306,26,3294,24,6
POST_000984,ACCOUNT_028,2026-08-13T13:00:00Z,image,"Custom PC build complete: Liquid cooling, cable combs, and clean ambient RGB lighting. Rate this battlestation from 1 to 10! 🕹️⚡ #pcbuild #gamingpc #battlestation #setup #gamingcommunity #esports #twitch #streamer #gaming #gamer #pcgaming",658,36,13094,54,61
POST_000985,ACCOUNT_035,2026-08-14T08:30:00Z,image,How to structure your technical portfolio when you have zero formal industry experience: A step-by-step breakdown. Tag a student who needs this! #careeradvice #jobsearch #interviewprep #career #growthmindset #interview #learning #students,1290,118,18265,51,66
POST_001068,ACCOUNT_018,2026-08-14T10:10:00Z,carousel,"Behind the scenes of today's project work. Small improvements, better results. 💻 #productivity #growth #careeradvice",343,71,13942,47,58
POST_000986,ACCOUNT_014,2026-08-14T17:45:00Z,carousel,"The anatomy of a high-converting landing page: Clear value proposition, visual proof, and zero distraction CTAs. Check the teardown! #growth #marketing #conversion #business #saas #buildinpublic",52,3,1164,9,1
POST_000987,ACCOUNT_009,2026-08-14T20:45:00Z,image,Announcing our local meetup chapters across 15 cities worldwide! Find your local group link in bio and join the community. #networking #events #globalcommunity #collaboration #creators #meetup #hackathon,234,15,4978,17,18
POST_001069,ACCOUNT_019,2026-08-15T08:30:00Z,reel,Three practical things I learned while working on UI design. Save this for later! #uiux #design #webdesign,274,35,12604,65,32
POST_000988,ACCOUNT_020,2026-08-15T16:30:00Z,reel,5 critical lessons we learned after refactoring our core ML pipeline. Slide 3 is the most important lesson for teams scaling to production! #startups #datascience #engineering Have you encountered this challenge recently? #software #developer #ai #tech #coding,80,9,2223,4,12
POST_000989,ACCOUNT_012,2026-08-16T14:45:00Z,image,Sunday slow cooking: 12-hour braised beef short ribs falling off the bone. Comfort food at its absolute finest. #slowcooking #comfortfood #dinnerideas #homechef Share this with someone who is currently working on this! #chef,311,20,5382,22,11
POST_000990,ACCOUNT_021,2026-08-16T16:30:00Z,image,Consistency beats intensity every single time. Here is our 30-week progression breakdown for functional strength. Which goal are you chasing this season? #fitnessjourney #training #health Drop your thoughts in the comments below! 🔥 #workout #wellness #fitlife #fitness #motivation #gym #strength #mobility,3612,268,34121,143,469
POST_001070,ACCOUNT_020,2026-08-17T16:10:00Z,image,"Quick project update: the challenge, the approach, and what worked. #hackathon #build #technology",42,9,5254,12,3
POST_000991,ACCOUNT_016,2026-08-17T18:00:00Z,reel,"Typography rules every digital designer should know: Hierarchy, optical kerning, and vertical rhythm explained visually! #graphicdesign #typography #ui #designinspiration #branding #creative #photooftheday #photography",303,25,4174,28,31
POST_000992,ACCOUNT_008,2026-08-18T16:15:00Z,reel,Ranking every boss fight from easiest to nearly impossible. Which boss took you the most attempts? #gaminglife #bossfight #gameplay #streamer What would you change about this setup? #esports #twitch #gamingcommunity #gamer #gaming #videogames #battlestation,1557,172,15854,123,196
POST_000993,ACCOUNT_027,2026-08-19T10:30:00Z,reel,"A calm Sunday reset routine: Decluttering the workspace, intentional meal prep, and setting 3 focus goals for the week ahead. 🌿☕ #sundayreset #mindfulness #habits #slowliving #selfcare #wellness #minimalism",100,7,2435,6,29
POST_001071,ACCOUNT_021,2026-08-20T15:40:00Z,image,What I wish I knew when I started with community. Share this with someone learning it! #community #techcommunity #developers,331,35,17987,44,39
POST_001072,ACCOUNT_022,2026-08-21T16:30:00Z,carousel,A useful reminder for anyone building and learning: consistency matters. study #studygram #students #learning,206,47,15858,74,57
POST_000994,ACCOUNT_011,2026-08-21T21:00:00Z,image,Morning mobility routine: 20 minutes to unlock hip flexors and lower back tension before lifting. Save this routine for your next leg day! 🏋️‍♂️🔥 #fitness #mobility #workout #strength #gym #fitlife #wellness #motivation #health #training,364,27,4748,16,46
POST_001073,ACCOUNT_023,2026-08-23T19:30:00Z,reel,What I wish I knew when I started with productivity. Share this with someone learning it! #productivity #growth #careeradvice,256,53,12639,69,59
POST_000995,ACCOUNT_025,2026-08-26T10:15:00Z,reel,Resume audit: 3 common mistakes that get candidates filtered by ATS scanners and how to fix them today. #resumetips #hiring #careergoals #professional #learning #career #upskill #study #careeradvice #productivity #growthmindset #students,310,30,4666,26,63
POST_001074,ACCOUNT_024,2026-08-26T12:00:00Z,carousel,"Behind the scenes of today's project work. Small improvements, better results. 💻 #opensource #foss #github",225,31,18474,69,43
POST_000996,ACCOUNT_013,2026-08-26T18:30:00Z,carousel,Wandering through the historic cobblestone alleys of the old town. Every corner has centuries of stories. #heritage #architecture #wanderer #culture #travelgram #backpacking #hiking #roadtrip #wanderlust #adventure #vacation #explore #travel #nature,557,32,10830,71,32
POST_001075,ACCOUNT_025,2026-08-27T10:40:00Z,image,What I wish I knew when I started with hackathon. Share this with someone learning it! #hackathon #build #technology,40,5,9227,6,7
POST_000997,ACCOUNT_024,2026-08-27T19:00:00Z,carousel,"Year 2 financial review: Unit economics, churn metrics, and customer acquisition payback periods openly documented. Read our full transparent memo in bio! #buildinpublic #finance #transparency Have you encountered this challenge recently? #marketing #saas #leadership #growth #startup #strategy",122,10,2111,21,17
POST_001076,ACCOUNT_001,2026-08-29T10:20:00Z,carousel,A closer look at open source and a few lessons from today's work. What would you add? #opensource #foss #github,206,32,16968,58,51
POST_000998,ACCOUNT_004,2026-09-01T15:45:00Z,image,Product roadmap meeting: Deciding what NOT to build is often 10x more important than adding new features. How does your team prioritize? #productmanagement #strategy #founder #growth #business #startup #marketing #buildinpublic,1225,104,40099,96,72
POST_001077,ACCOUNT_002,2026-09-01T16:10:00Z,reel,"Behind the scenes of today's project work. Small improvements, better results. 💻 #hackathon #build #technology",90,23,3491,24,25
POST_001078,ACCOUNT_003,2026-09-03T19:40:00Z,carousel,What I wish I knew when I started with hackathon. Share this with someone learning it! #hackathon #build #technology,207,34,16042,39,42
POST_001079,ACCOUNT_004,2026-09-04T18:45:00Z,carousel,"Quick project update: the challenge, the approach, and what worked. #coding #programming #developer",200,24,7213,51,17
POST_000999,ACCOUNT_003,2026-09-05T13:15:00Z,reel,Packing light for a 25-day expedition: Everything fits into a single 35L backpack. Here is our essential gear checklist! #solotravel #backpacking #traveltips #gear #explore,1087,83,15250,77,124
POST_001080,ACCOUNT_005,2026-09-06T08:30:00Z,carousel,What I wish I knew when I started with hackathon. Share this with someone learning it! #hackathon #build #technology,74,16,4816,20,5
POST_001081,ACCOUNT_006,2026-09-08T15:40:00Z,carousel,A closer look at Linux and a few lessons from today's work. What would you add? #linux #opensource #terminal,50,7,8612,7,5
POST_001082,ACCOUNT_007,2026-09-10T18:20:00Z,carousel,"Behind the scenes of today's project work. Small improvements, better results. 💻 #coding #programming #developer",398,60,17386,55,31
POST_001083,ACCOUNT_008,2026-09-12T13:10:00Z,image,"Quick project update: the challenge, the approach, and what worked. #linux #opensource #terminal",218,39,13709,66,18
POST_001084,ACCOUNT_009,2026-09-15T16:20:00Z,image,A closer look at Linux and a few lessons from today's work. What would you add? #linux #opensource #terminal,96,11,11300,24,9
POST_001085,ACCOUNT_010,2026-09-16T12:15:00Z,image,From idea to implementation — today's progress on web development. 🚀 #webdevelopment #javascript #software,87,17,4493,29,23
POST_001000,ACCOUNT_024,2026-09-16T21:00:00Z,image,"Year 2 financial review: Unit economics, churn metrics, and customer acquisition payback periods openly documented. Read our full transparent memo in bio! #buildinpublic #finance #transparency Link in bio for the complete step-by-step breakdown. #business #growth #marketing #strategy",103,9,1750,8,1
POST_001086,ACCOUNT_011,2026-09-18T12:50:00Z,carousel,A useful reminder for anyone building and learning: consistency matters. Linux #linux #opensource #terminal,149,31,13976,34,33
POST_001087,ACCOUNT_012,2026-09-21T10:40:00Z,image,"Experimenting, testing, and learning with study. What has your experience been? #studygram #students #learning",222,58,11729,78,61
POST_001088,ACCOUNT_013,2026-09-22T19:00:00Z,image,"Experimenting, testing, and learning with AI. What has your experience been? #ai #machinelearning #technology",187,25,8982,38,35
POST_001089,ACCOUNT_014,2026-09-24T19:50:00Z,reel,From idea to implementation — today's progress on UI design. 🚀 #uiux #design #webdesign,47,8,2327,14,6
POST_001090,ACCOUNT_015,2026-09-27T11:50:00Z,carousel,A closer look at Linux and a few lessons from today's work. What would you add? #linux #opensource #terminal,215,28,18101,63,46
POST_001091,ACCOUNT_016,2026-09-28T12:40:00Z,carousel,Three practical things I learned while working on community. Save this for later! #community #techcommunity #developers,146,20,10634,22,29
POST_001092,ACCOUNT_017,2026-10-01T15:45:00Z,carousel,A closer look at productivity and a few lessons from today's work. What would you add? #productivity #growth #careeradvice,236,33,11157,50,54
POST_001093,ACCOUNT_018,2026-10-03T13:00:00Z,reel,A simple breakdown of study for anyone getting started. Which part should we explore next? #studygram #students #learning,85,11,8842,10,17
POST_001094,ACCOUNT_019,2026-10-04T13:40:00Z,image,One more milestone completed. Here's what UI design taught me this week. ✨ #uiux #design #webdesign,246,27,10386,31,22
POST_001095,ACCOUNT_020,2026-10-06T16:15:00Z,image,"Experimenting, testing, and learning with study. What has your experience been? #studygram #students #learning",201,23,12157,30,38
POST_001096,ACCOUNT_021,2026-10-09T09:15:00Z,carousel,A closer look at AI and a few lessons from today's work. What would you add? #ai #machinelearning #technology,56,9,4977,8,11
POST_001097,ACCOUNT_022,2026-10-11T15:15:00Z,image,"Behind the scenes of today's project work. Small improvements, better results. 💻 #community #techcommunity #developers",294,37,13608,33,16
POST_001098,ACCOUNT_023,2026-10-13T09:15:00Z,image,What I wish I knew when I started with UI design. Share this with someone learning it! #uiux #design #webdesign,247,52,16003,39,59
POST_001099,ACCOUNT_024,2026-10-15T10:15:00Z,carousel,"Experimenting, testing, and learning with AI. What has your experience been? #ai #machinelearning #technology",73,16,8227,21,10
POST_001100,ACCOUNT_025,2026-10-16T15:40:00Z,reel,"Quick project update: the challenge, the approach, and what worked. #productivity #growth #careeradvice",128,19,9791,22,19
